,result,,,baseline,,sampling_strategy,,,,,self-report,,,context,,,,platforms,,,,technical,,,scientific,
url,classification,external_check,missing_info,ecological,momentary,event-contingent,signal-contingent,continuous,none,repeated_sampling,uses_diaries,uses_interviews,uses_questionnaires,uses_mic,uses_cam,uses_sensing,uses_other,on_smartphone,on_smartwatch,in_browser,on_other,OS,has_app_notifications,has_device_notifications,has_publication,notes
https://github.com/ohmyform/ohmyform,EMA Framework,TRUE,FALSE,TRUE,TRUE,FALSE,FALSE,FALSE,TRUE,FALSE,TRUE,FALSE,TRUE,FALSE,FALSE,FALSE,FALSE,FALSE,FALSE,TRUE,,Any,FALSE,FALSE,FALSE,
https://github.com/austrianredcross/stopp-corona-android,EMA App,TRUE,FALSE,TRUE,TRUE,TRUE,FALSE,FALSE,FALSE,TRUE,FALSE,FALSE,TRUE,FALSE,FALSE,TRUE,FALSE,TRUE,FALSE,FALSE,,Android,TRUE,FALSE,TRUE,
https://github.com/RADAR-base/RADAR-Questionnaire,EMA Framework,TRUE,FALSE,TRUE,TRUE,FALSE,FALSE,FALSE,TRUE,FALSE,FALSE,FALSE,TRUE,FALSE,FALSE,TRUE,FALSE,TRUE,TRUE,FALSE,,"Android, iOS, UWP",TRUE,FALSE,TRUE,
https://github.com/C3-PRO/c3-pro-ios-framework,EMA Tool,TRUE,TRUE,FALSE,FALSE,FALSE,FALSE,FALSE,TRUE,FALSE,FALSE,FALSE,TRUE,FALSE,FALSE,FALSE,FALSE,TRUE,FALSE,FALSE,,iOS,FALSE,FALSE,TRUE,tool to use FHIR and ResearchKit together in one app for PROMs
https://github.com/avinassh/della,Unrelated,FALSE,FALSE,FALSE,FALSE,FALSE,FALSE,FALSE,FALSE,FALSE,FALSE,FALSE,FALSE,FALSE,FALSE,FALSE,FALSE,FALSE,FALSE,FALSE,,,FALSE,FALSE,FALSE,not about subject data
https://github.com/Adyen/adyen-php-api-library,Unrelated,TRUE,TRUE,FALSE,FALSE,FALSE,FALSE,FALSE,FALSE,FALSE,FALSE,FALSE,FALSE,FALSE,FALSE,FALSE,FALSE,FALSE,FALSE,FALSE,,,FALSE,FALSE,FALSE,not about subject data
https://github.com/why-not-try-calmer/ringo,Unrelated,FALSE,FALSE,FALSE,FALSE,FALSE,FALSE,FALSE,FALSE,FALSE,FALSE,FALSE,FALSE,FALSE,FALSE,FALSE,FALSE,FALSE,FALSE,FALSE,,,FALSE,FALSE,FALSE,not about subject data
https://github.com/HeyMaslo/companion-kit,EMA Framework,FALSE,TRUE,TRUE,TRUE,TRUE,TRUE,TRUE,FALSE,FALSE,TRUE,TRUE,TRUE,TRUE,FALSE,TRUE,FALSE,TRUE,FALSE,FALSE,,"Android, iOS",TRUE,FALSE,FALSE,kit to create a custom companion that can do everything needed for simple EMA research
https://github.com/sichallez/GiftFinder,Unrelated,FALSE,FALSE,FALSE,FALSE,FALSE,FALSE,FALSE,FALSE,FALSE,FALSE,FALSE,FALSE,FALSE,FALSE,FALSE,FALSE,FALSE,FALSE,FALSE,,,FALSE,FALSE,FALSE,not about subject data
https://github.com/WPManageNinja/ninja-job-board,Unrelated,FALSE,FALSE,FALSE,FALSE,FALSE,FALSE,FALSE,FALSE,FALSE,FALSE,FALSE,FALSE,FALSE,FALSE,FALSE,FALSE,FALSE,FALSE,FALSE,,,FALSE,FALSE,FALSE,not about subject data
https://github.com/ONSdigital/rm-case-service,Unrelated,TRUE,TRUE,FALSE,FALSE,FALSE,FALSE,FALSE,FALSE,FALSE,FALSE,FALSE,FALSE,FALSE,FALSE,FALSE,FALSE,FALSE,FALSE,FALSE,,,FALSE,FALSE,FALSE,microservice for th UK's corona case tracking system. This only manages cases that already have surveys linked to them from another service
https://github.com/no-dap/capacitor-notification-extensions,Unrelated,FALSE,FALSE,FALSE,FALSE,FALSE,FALSE,FALSE,FALSE,FALSE,FALSE,FALSE,FALSE,FALSE,FALSE,FALSE,FALSE,FALSE,FALSE,FALSE,,,FALSE,FALSE,FALSE,unfortunate use of the word questionnaire in README
https://github.com/unepwcmc/ORS,Unrelated,FALSE,FALSE,FALSE,FALSE,FALSE,FALSE,FALSE,FALSE,FALSE,FALSE,FALSE,FALSE,FALSE,FALSE,FALSE,FALSE,FALSE,FALSE,FALSE,,,FALSE,FALSE,FALSE,"tool to create questionnaires for UNEP WCMC project workers (EUROBATS, ASCOBANS, AEWA, CMS)"
https://github.com/RWTH-HPC/effort-log,EMA App,FALSE,FALSE,TRUE,TRUE,FALSE,TRUE,FALSE,FALSE,TRUE,FALSE,FALSE,TRUE,FALSE,FALSE,FALSE,FALSE,FALSE,FALSE,FALSE,PC,"Linux, MacOS, Windows",FALSE,FALSE,TRUE,
https://github.com/SoftwareDevelopment2152-902/CovidTracker,Unrelated,FALSE,FALSE,TRUE,TRUE,TRUE,TRUE,FALSE,FALSE,FALSE,FALSE,FALSE,TRUE,FALSE,FALSE,TRUE,FALSE,TRUE,FALSE,FALSE,,iOS,TRUE,FALSE,FALSE,"questionnaire is only done when user wants to, and only when they are ""feeling sick"" => no repetition planned"
https://github.com/tobias290/Questionnaire-Maker,EMA Framework,FALSE,FALSE,TRUE,TRUE,TRUE,TRUE,FALSE,FALSE,FALSE,FALSE,FALSE,TRUE,FALSE,FALSE,FALSE,FALSE,FALSE,FALSE,TRUE,,Any,TRUE,FALSE,FALSE,
https://github.com/ctsit/fr_covidata,Unrelated,FALSE,FALSE,FALSE,FALSE,FALSE,FALSE,FALSE,FALSE,FALSE,FALSE,FALSE,FALSE,FALSE,FALSE,FALSE,FALSE,FALSE,FALSE,FALSE,,,FALSE,FALSE,TRUE,REDCap module to help with data management of COVID-19 testing sites in Alachua County
https://github.com/Risetto-Kao/experience_sampling,EMA App,FALSE,FALSE,TRUE,TRUE,FALSE,TRUE,FALSE,FALSE,TRUE,FALSE,FALSE,TRUE,FALSE,FALSE,FALSE,FALSE,TRUE,FALSE,FALSE,,"Android, iOS",TRUE,FALSE,TRUE,
https://github.com/rousah/AUCO,EMA App,FALSE,TRUE,TRUE,TRUE,TRUE,FALSE,FALSE,FALSE,TRUE,FALSE,FALSE,TRUE,FALSE,FALSE,FALSE,FALSE,FALSE,FALSE,TRUE,,Any,FALSE,FALSE,FALSE,"no mention on when data is sampled, but code contains ""getDailyQuestion"" function so I assume this is supposed to be used when the students feel like it but at least once daily"
https://github.com/jkal90/Team16_Capstone,EMA App,FALSE,FALSE,TRUE,TRUE,FALSE,TRUE,FALSE,FALSE,TRUE,FALSE,FALSE,TRUE,FALSE,FALSE,TRUE,FALSE,TRUE,FALSE,FALSE,,Android,TRUE,FALSE,FALSE,
https://github.com/wp-premium/formidable,EMA Tool,TRUE,FALSE,FALSE,FALSE,FALSE,FALSE,FALSE,TRUE,FALSE,FALSE,FALSE,TRUE,FALSE,FALSE,FALSE,FALSE,FALSE,FALSE,TRUE,,Any,FALSE,FALSE,FALSE,WordPress form builder for custom questionnaires
https://github.com/Daeun271/FitnessApp,EMA App,FALSE,FALSE,TRUE,TRUE,FALSE,TRUE,FALSE,FALSE,TRUE,FALSE,FALSE,TRUE,FALSE,FALSE,TRUE,FALSE,TRUE,FALSE,FALSE,,,TRUE,FALSE,FALSE,
https://github.com/luiminyan/FitMood,Unrelated,FALSE,FALSE,FALSE,FALSE,FALSE,FALSE,FALSE,FALSE,FALSE,FALSE,FALSE,FALSE,FALSE,FALSE,FALSE,FALSE,FALSE,FALSE,FALSE,,,FALSE,FALSE,FALSE,"duplicate of FitnessApp from above, was a group project at Ruhr-Univeristy Bochum"
https://github.com/ShipanLiu/FitnessApp,Unrelated,FALSE,FALSE,FALSE,FALSE,FALSE,FALSE,FALSE,FALSE,FALSE,FALSE,FALSE,FALSE,FALSE,FALSE,FALSE,FALSE,FALSE,FALSE,FALSE,,,FALSE,FALSE,FALSE,"duplicate of FitnessApp from above, was a group project at Ruhr-Univeristy Bochum"
https://github.com/FelixBieswanger/flowlix,EMA App,FALSE,TRUE,TRUE,TRUE,FALSE,TRUE,FALSE,FALSE,TRUE,FALSE,FALSE,TRUE,FALSE,FALSE,FALSE,FALSE,FALSE,TRUE,FALSE,,Android,TRUE,FALSE,FALSE,
https://github.com/nzacha/PsychApp_Portal,EMA Framework,FALSE,FALSE,TRUE,TRUE,FALSE,FALSE,FALSE,FALSE,FALSE,FALSE,FALSE,FALSE,FALSE,FALSE,FALSE,FALSE,FALSE,FALSE,FALSE,,,FALSE,FALSE,FALSE,part of PsychApp: website
https://github.com/obiba/amber,EMA Framework,TRUE,TRUE,TRUE,TRUE,FALSE,FALSE,FALSE,TRUE,FALSE,FALSE,FALSE,FALSE,FALSE,FALSE,FALSE,FALSE,FALSE,FALSE,TRUE,,Any,FALSE,TRUE,FALSE,"this is the API, also has a frontend and an admin panel as separate repositories without a descriptive README"
https://github.com/nzacha/PsychApp_App-Android-,EMA Framework,TRUE,FALSE,TRUE,TRUE,FALSE,TRUE,FALSE,FALSE,TRUE,FALSE,FALSE,TRUE,FALSE,FALSE,FALSE,FALSE,TRUE,FALSE,FALSE,,Android,TRUE,FALSE,FALSE,
https://github.com/Blackbackofficial/Web_Technologies_Chat,Unrelated,FALSE,FALSE,FALSE,FALSE,FALSE,FALSE,FALSE,FALSE,FALSE,FALSE,FALSE,FALSE,FALSE,FALSE,FALSE,FALSE,FALSE,FALSE,FALSE,,,FALSE,FALSE,FALSE,not about subject data
https://github.com/sergeiown/questionnaire,EMA Framework,FALSE,FALSE,TRUE,TRUE,TRUE,FALSE,FALSE,TRUE,FALSE,FALSE,FALSE,TRUE,FALSE,FALSE,FALSE,FALSE,FALSE,FALSE,TRUE,,Any,FALSE,FALSE,FALSE,
https://github.com/rousah/AUCO-server,EMA App,FALSE,FALSE,FALSE,FALSE,FALSE,FALSE,FALSE,FALSE,FALSE,FALSE,FALSE,FALSE,FALSE,FALSE,FALSE,FALSE,FALSE,FALSE,FALSE,,,FALSE,FALSE,FALSE,part of AUCO: server
https://github.com/nzacha/PsychApp_Back_End,EMA Framework,FALSE,FALSE,TRUE,TRUE,FALSE,FALSE,FALSE,FALSE,FALSE,FALSE,FALSE,FALSE,FALSE,FALSE,FALSE,FALSE,FALSE,FALSE,FALSE,,,FALSE,FALSE,FALSE,part of PsychApp: backend
https://github.com/ccsm-cds-tools/ccsm-cds-with-tests,Unrelated,FALSE,FALSE,FALSE,FALSE,FALSE,FALSE,FALSE,FALSE,FALSE,FALSE,FALSE,FALSE,FALSE,FALSE,FALSE,FALSE,FALSE,FALSE,FALSE,,,FALSE,FALSE,FALSE,"uses FHIR questionnaires, but doesn't actively collect answers for them"
https://github.com/jcollings/WP-Form-Builder,Unrelated,FALSE,FALSE,FALSE,FALSE,FALSE,FALSE,FALSE,FALSE,FALSE,FALSE,FALSE,FALSE,FALSE,FALSE,FALSE,FALSE,FALSE,FALSE,FALSE,,,FALSE,FALSE,FALSE,"website domain is no longer active => project abandoned, as code wasn't updated since 2016"
https://github.com/Jon-S-Hall/Android_COVID_Monitor,EMA App,FALSE,FALSE,TRUE,TRUE,TRUE,TRUE,FALSE,FALSE,TRUE,FALSE,FALSE,TRUE,FALSE,FALSE,FALSE,FALSE,TRUE,FALSE,FALSE,,Android,TRUE,FALSE,FALSE,
https://github.com/geralt1992/radisa,EMA Framework,FALSE,TRUE,TRUE,TRUE,FALSE,TRUE,FALSE,FALSE,FALSE,FALSE,FALSE,TRUE,FALSE,FALSE,FALSE,FALSE,FALSE,FALSE,TRUE,,Any,FALSE,TRUE,FALSE,
https://github.com/s-shaligram/Mental-health-care,EMA App,FALSE,FALSE,TRUE,TRUE,TRUE,TRUE,FALSE,FALSE,TRUE,FALSE,FALSE,TRUE,FALSE,FALSE,FALSE,FALSE,FALSE,FALSE,TRUE,,Any,TRUE,FALSE,FALSE,
https://github.com/michael-cw/SurveySolutionsAPIv2,Unrelated,FALSE,FALSE,FALSE,FALSE,FALSE,FALSE,FALSE,FALSE,FALSE,FALSE,FALSE,FALSE,FALSE,FALSE,FALSE,FALSE,FALSE,FALSE,FALSE,,,FALSE,FALSE,FALSE,R functions for SurveySolutions API
https://github.com/srinivaskrishna97/Covid_Information_App,Unrelated,FALSE,TRUE,TRUE,TRUE,FALSE,FALSE,FALSE,TRUE,TRUE,FALSE,FALSE,TRUE,FALSE,FALSE,TRUE,FALSE,TRUE,FALSE,FALSE,,Android,FALSE,FALSE,FALSE,"main focus of app is to display COVID-19 information, the questionnaire is not intended to be done multiple times, but can be"
https://github.com/NorthstarWang/NYP-Journey,Unrelated,FALSE,FALSE,FALSE,FALSE,FALSE,FALSE,FALSE,FALSE,FALSE,FALSE,FALSE,FALSE,FALSE,FALSE,FALSE,FALSE,FALSE,FALSE,FALSE,,,FALSE,FALSE,FALSE,social platform with Q&A
https://github.com/haiderabbas110/pie-form,EMA Tool,FALSE,FALSE,FALSE,FALSE,FALSE,FALSE,FALSE,TRUE,FALSE,FALSE,FALSE,TRUE,FALSE,FALSE,FALSE,FALSE,FALSE,FALSE,TRUE,,Any,FALSE,TRUE,FALSE,free version of paid service that is used to create web forms
https://github.com/vps/IntelliClinic,Unrelated,FALSE,TRUE,FALSE,FALSE,FALSE,FALSE,FALSE,FALSE,FALSE,FALSE,FALSE,FALSE,FALSE,FALSE,FALSE,FALSE,FALSE,FALSE,FALSE,,,FALSE,FALSE,FALSE,"mentions questionnaires in readme, but lacks code for them. AI analyzes patient input to questions about intake (medical info, one time)"
https://github.com/EasonLiaw/mentalhealth_status_classification,Unrelated,FALSE,FALSE,FALSE,FALSE,FALSE,FALSE,FALSE,FALSE,FALSE,FALSE,FALSE,FALSE,FALSE,FALSE,FALSE,FALSE,FALSE,FALSE,FALSE,,,FALSE,FALSE,FALSE,"clf model that used data from a ""Me an My Feelings"" questionnaire"
https://github.com/Ostrale/BLOSSOM-ADDON,Unrelated,FALSE,FALSE,FALSE,FALSE,FALSE,FALSE,FALSE,FALSE,FALSE,FALSE,FALSE,FALSE,FALSE,FALSE,FALSE,FALSE,FALSE,FALSE,FALSE,,,FALSE,FALSE,FALSE,not about subject data
https://github.com/anejaK/CoronaTracker,Unrelated,FALSE,FALSE,FALSE,FALSE,FALSE,FALSE,FALSE,FALSE,FALSE,FALSE,FALSE,FALSE,FALSE,FALSE,FALSE,FALSE,FALSE,FALSE,FALSE,,,FALSE,FALSE,FALSE,"not about subject data, only one questionnaire with 3 questions, not to be repeated and not really used as far as it is shown"
https://github.com/jegny100/FitnessApp,EMA App,FALSE,FALSE,TRUE,TRUE,TRUE,FALSE,FALSE,FALSE,TRUE,TRUE,FALSE,FALSE,FALSE,FALSE,FALSE,TRUE,TRUE,FALSE,FALSE,,"Android, iOS, UWP",FALSE,FALSE,FALSE,only data that is collected is an activity log for the day alongside its duration and reps
https://github.com/saqibhasib/BaytreeMentorPortal,Unrelated,TRUE,TRUE,FALSE,FALSE,FALSE,FALSE,FALSE,FALSE,FALSE,FALSE,FALSE,TRUE,FALSE,FALSE,FALSE,FALSE,FALSE,FALSE,TRUE,,Any,FALSE,FALSE,FALSE,"no mention of anything related to EMA, but API responses contains ""questionnaires"" field. Baytree Centre does not have an EMA research project mentioned on their website"
https://github.com/opinionstage/opinionstage-wordpress-plugin,EMA Framework,TRUE,FALSE,TRUE,TRUE,FALSE,FALSE,FALSE,TRUE,FALSE,TRUE,FALSE,TRUE,FALSE,FALSE,FALSE,FALSE,FALSE,FALSE,TRUE,,Any,FALSE,FALSE,FALSE,"wordpress plugin to create surveys with using the free version of opinionstage, no custom server but data is stored by opinionstage"
https://github.com/approov/bluetooth-p6,Unrelated,FALSE,FALSE,FALSE,FALSE,FALSE,FALSE,FALSE,FALSE,FALSE,FALSE,FALSE,FALSE,FALSE,FALSE,FALSE,FALSE,FALSE,FALSE,FALSE,,,FALSE,FALSE,TRUE,paper and code about a potential new approach for sensing focused on privacy
https://github.com/cozie-app/cozie,EMA Framework,TRUE,TRUE,TRUE,TRUE,FALSE,TRUE,TRUE,FALSE,FALSE,FALSE,FALSE,TRUE,FALSE,FALSE,TRUE,FALSE,FALSE,TRUE,FALSE,,"FitbitOS, Watch OS",TRUE,FALSE,TRUE,
https://github.com/eldinidle/ActiPro,EMA Tool,FALSE,FALSE,FALSE,FALSE,FALSE,FALSE,FALSE,FALSE,FALSE,FALSE,FALSE,FALSE,FALSE,FALSE,FALSE,FALSE,FALSE,FALSE,FALSE,,,FALSE,FALSE,FALSE,R package to analyze accelerometer data
https://github.com/wviechtb/esmpack,EMA Tool,FALSE,TRUE,FALSE,FALSE,FALSE,FALSE,FALSE,FALSE,FALSE,FALSE,FALSE,FALSE,FALSE,FALSE,FALSE,FALSE,FALSE,FALSE,FALSE,,,FALSE,FALSE,FALSE,"R package for ESM data management, visualization and analysis"
https://github.com/gemu2015/iDialogPad,EMA Framework,TRUE,TRUE,TRUE,TRUE,TRUE,TRUE,FALSE,FALSE,FALSE,FALSE,FALSE,TRUE,TRUE,TRUE,TRUE,FALSE,TRUE,FALSE,FALSE,,iOS,TRUE,FALSE,TRUE,
https://github.com/WeibelLab/VOLI-Visualization-Exploratory,EMA Tool,FALSE,FALSE,FALSE,FALSE,FALSE,FALSE,FALSE,FALSE,FALSE,FALSE,FALSE,FALSE,FALSE,FALSE,FALSE,FALSE,FALSE,FALSE,FALSE,,,FALSE,FALSE,TRUE,EMA data visualization tool for voice systems
https://github.com/jmbh/EmotionTimeSeries,Unrelated,FALSE,FALSE,FALSE,FALSE,FALSE,FALSE,FALSE,FALSE,FALSE,FALSE,FALSE,FALSE,FALSE,FALSE,FALSE,FALSE,FALSE,FALSE,FALSE,,,FALSE,FALSE,FALSE,dataset that got through filtering due to ESM in description
https://github.com/hotavocado/emaexplorer,Unrelated,FALSE,TRUE,FALSE,FALSE,FALSE,FALSE,FALSE,FALSE,FALSE,FALSE,FALSE,FALSE,FALSE,FALSE,FALSE,FALSE,FALSE,FALSE,FALSE,,,FALSE,FALSE,FALSE,"looks like a tool to explore tabular data in R, no info given"
https://github.com/MilenaEn/UNITI-SCED-paper,Unrelated,FALSE,FALSE,FALSE,FALSE,FALSE,FALSE,FALSE,FALSE,FALSE,FALSE,FALSE,FALSE,FALSE,FALSE,FALSE,FALSE,FALSE,FALSE,FALSE,,,FALSE,FALSE,TRUE,analysis code of a paper about an EMA study
https://github.com/bartulem/pni-ema,Unrelated,FALSE,TRUE,FALSE,FALSE,FALSE,FALSE,FALSE,FALSE,FALSE,FALSE,FALSE,FALSE,FALSE,FALSE,FALSE,FALSE,FALSE,FALSE,FALSE,,,FALSE,FALSE,FALSE,"tool to send surveys to targets via email, for a specific study"
https://github.com/manateelab/EMAeval-R-Package,EMA Tool,FALSE,TRUE,FALSE,FALSE,FALSE,FALSE,FALSE,FALSE,FALSE,FALSE,FALSE,FALSE,FALSE,FALSE,FALSE,FALSE,FALSE,FALSE,FALSE,,,FALSE,FALSE,FALSE,R package to find careless responses in EMA data
https://github.com/binodthapachhetry/JustInTimeAdaptiveIntervention,EMA App,FALSE,FALSE,TRUE,TRUE,FALSE,TRUE,TRUE,FALSE,TRUE,FALSE,FALSE,TRUE,FALSE,FALSE,TRUE,FALSE,TRUE,FALSE,FALSE,,Android,TRUE,FALSE,TRUE,requires custom sensor on wheelchair
https://github.com/dewaalaw/AndroidSurveyFramework,Unrelated,FALSE,TRUE,FALSE,FALSE,FALSE,FALSE,FALSE,FALSE,FALSE,FALSE,FALSE,TRUE,FALSE,FALSE,FALSE,FALSE,TRUE,FALSE,FALSE,,Android,FALSE,FALSE,FALSE,"generic EMA app that allows for custom questionnaires, but relies on a server that doesn't exist anymore"
https://github.com/garrettmflynn/mindfuck,EMA App,TRUE,TRUE,TRUE,TRUE,FALSE,FALSE,TRUE,FALSE,TRUE,FALSE,FALSE,FALSE,FALSE,FALSE,FALSE,TRUE,FALSE,FALSE,TRUE,,"Linux, MacOS, Windows",TRUE,FALSE,FALSE,
https://github.com/selina/tigersurvey,EMA Framework,TRUE,TRUE,TRUE,TRUE,TRUE,FALSE,FALSE,FALSE,TRUE,FALSE,FALSE,TRUE,FALSE,FALSE,FALSE,FALSE,TRUE,FALSE,FALSE,,iOS,FALSE,FALSE,FALSE,"generic survey viewer with a hardcoded questionnaire in it, that can be replaced"
https://github.com/OlgaPerski/EMASENS_ML,Unrelated,FALSE,FALSE,FALSE,FALSE,FALSE,FALSE,FALSE,FALSE,FALSE,FALSE,FALSE,FALSE,FALSE,FALSE,FALSE,FALSE,FALSE,FALSE,FALSE,,,FALSE,FALSE,TRUE,code for a paper about EMA predictions using ML
https://github.com/mikojeske/NLML,Unrelated,FALSE,FALSE,FALSE,FALSE,FALSE,FALSE,FALSE,FALSE,FALSE,FALSE,FALSE,FALSE,FALSE,FALSE,FALSE,FALSE,FALSE,FALSE,FALSE,,,FALSE,FALSE,FALSE,"general ML code package for R, initial reason to create this was for a specific EMA analysis"
https://github.com/adamzhang822/Models-for-Intensively-Collected-Mobile-Data,Unrelated,FALSE,FALSE,FALSE,FALSE,FALSE,FALSE,FALSE,FALSE,FALSE,FALSE,FALSE,FALSE,FALSE,FALSE,FALSE,FALSE,FALSE,FALSE,FALSE,,,FALSE,FALSE,TRUE,"ML models for EMA data, code for a private Master's thesis"
https://github.com/Galdineris/Coremelysis,EMA App,FALSE,TRUE,TRUE,TRUE,TRUE,FALSE,FALSE,FALSE,TRUE,TRUE,FALSE,FALSE,FALSE,FALSE,FALSE,FALSE,TRUE,FALSE,FALSE,,iOS,FALSE,FALSE,FALSE,
https://github.com/Luca-Menghini/PIDApp,Unrelated,FALSE,FALSE,FALSE,FALSE,FALSE,FALSE,FALSE,FALSE,FALSE,FALSE,FALSE,FALSE,FALSE,FALSE,FALSE,FALSE,FALSE,FALSE,FALSE,,,FALSE,FALSE,FALSE,marked WIP but received no updates => abandoned
https://github.com/Doge-is-Dope/IsolationAlert,EMA App,FALSE,FALSE,TRUE,TRUE,TRUE,TRUE,TRUE,FALSE,TRUE,FALSE,FALSE,TRUE,FALSE,FALSE,TRUE,TRUE,TRUE,FALSE,FALSE,,Android,TRUE,FALSE,FALSE,
https://github.com/wjchulme/CTHMMs-for-adaptive-sampling,EMA Tool,FALSE,FALSE,FALSE,FALSE,FALSE,FALSE,FALSE,FALSE,FALSE,FALSE,FALSE,FALSE,FALSE,FALSE,FALSE,FALSE,FALSE,FALSE,FALSE,,,FALSE,FALSE,TRUE,adaptive sampling method in R
https://github.com/GeoTecINIT/awarns-framework,EMA Framework,TRUE,TRUE,TRUE,TRUE,FALSE,FALSE,FALSE,FALSE,FALSE,FALSE,FALSE,FALSE,FALSE,FALSE,TRUE,FALSE,TRUE,FALSE,FALSE,,,TRUE,FALSE,TRUE,modular sensing framework/SDK that can be adjusted with custom features such as questionnaires
https://github.com/spooseh/larmexShiny,Unrelated,FALSE,FALSE,FALSE,FALSE,FALSE,FALSE,FALSE,FALSE,FALSE,FALSE,FALSE,FALSE,FALSE,FALSE,FALSE,FALSE,FALSE,FALSE,FALSE,,,FALSE,FALSE,FALSE,code to fit a model to EMA data => specific
https://github.com/susom/ema_assistant,EMA Tool,FALSE,FALSE,FALSE,FALSE,FALSE,TRUE,FALSE,FALSE,TRUE,FALSE,FALSE,TRUE,FALSE,FALSE,FALSE,FALSE,FALSE,FALSE,FALSE,PC,"Linux, MacOS, Windows",FALSE,TRUE,FALSE,"system to distribute surveys to subjects on a timed or random interval basis, via SMS"
https://github.com/WilliamChiu/ieso,EMA Framework,FALSE,TRUE,TRUE,TRUE,FALSE,FALSE,FALSE,TRUE,FALSE,TRUE,FALSE,TRUE,FALSE,FALSE,FALSE,FALSE,FALSE,FALSE,TRUE,,Any,TRUE,FALSE,FALSE,simple posts can be seen as logs or diaries. Depending on usecase this server client structure could be set up once per study and be used as a simple framework
https://github.com/PeterHart23/PeerSupportApp,EMA App,FALSE,FALSE,TRUE,TRUE,TRUE,FALSE,FALSE,FALSE,TRUE,FALSE,FALSE,TRUE,FALSE,FALSE,FALSE,FALSE,TRUE,FALSE,FALSE,,"Android, iOS",FALSE,FALSE,FALSE,only one questionnaire but personal data is collected daily and stored on a server. EMA page is on the homepage and therefore indirectly signals the user that it is to be filled out every time the app is opened once per day => event
https://github.com/dmaulikr/workday,EMA App,TRUE,TRUE,TRUE,TRUE,TRUE,FALSE,FALSE,FALSE,TRUE,FALSE,FALSE,TRUE,FALSE,TRUE,FALSE,FALSE,TRUE,FALSE,FALSE,,iOS,FALSE,FALSE,FALSE,"neither description nor readme or code show any sampling strategy, but descripbe ""frequent measurements"" at work and off work. I assume this means use on event ""whenever I go to work"""
https://github.com/cran/esmtools,EMA Tool,FALSE,FALSE,FALSE,FALSE,FALSE,FALSE,FALSE,FALSE,FALSE,FALSE,FALSE,FALSE,FALSE,FALSE,FALSE,FALSE,FALSE,FALSE,FALSE,,,FALSE,FALSE,TRUE,R functions for preprocessing and analysing EMA data (sensor data)
https://github.com/onnela-lab/beiwe-backend,EMA Framework,TRUE,FALSE,TRUE,TRUE,FALSE,FALSE,FALSE,FALSE,FALSE,FALSE,FALSE,FALSE,FALSE,FALSE,FALSE,FALSE,FALSE,FALSE,FALSE,,,FALSE,FALSE,TRUE,part of BEIWE: backend
https://github.com/onnela-lab/forest,EMA Framework,TRUE,FALSE,TRUE,TRUE,FALSE,FALSE,FALSE,FALSE,FALSE,FALSE,FALSE,FALSE,FALSE,FALSE,FALSE,FALSE,FALSE,FALSE,FALSE,,,FALSE,FALSE,FALSE,part of BEIWE: data analysis
https://github.com/onnela-lab/Beiwe-Analysis,EMA Framework,TRUE,FALSE,TRUE,TRUE,FALSE,FALSE,FALSE,FALSE,FALSE,FALSE,FALSE,FALSE,FALSE,FALSE,FALSE,FALSE,FALSE,FALSE,FALSE,,,FALSE,FALSE,TRUE,part of BEIWE: data analysis tools
https://github.com/bklynhlth/openwillis,EMA Tool,FALSE,FALSE,FALSE,FALSE,FALSE,FALSE,FALSE,FALSE,FALSE,FALSE,FALSE,FALSE,FALSE,FALSE,FALSE,FALSE,FALSE,FALSE,FALSE,,,FALSE,FALSE,FALSE,"digital phenotyping functions for health apps, can be used in EMA data analysis"
https://github.com/onnela-lab/beiwe,EMA Framework,TRUE,FALSE,TRUE,TRUE,FALSE,FALSE,FALSE,FALSE,FALSE,FALSE,FALSE,FALSE,FALSE,FALSE,FALSE,FALSE,FALSE,FALSE,FALSE,,,FALSE,FALSE,TRUE,part of BEIWE: documentation
https://github.com/neurobooth/neurobooth-os,Unrelated,FALSE,FALSE,FALSE,FALSE,FALSE,FALSE,FALSE,FALSE,FALSE,FALSE,FALSE,FALSE,FALSE,FALSE,FALSE,FALSE,FALSE,FALSE,FALSE,,,FALSE,FALSE,FALSE,python package to record data streams from wearables => lab setting =/= EMA tool
https://github.com/onnela-lab/beiwe-android,EMA Framework,TRUE,FALSE,TRUE,TRUE,TRUE,TRUE,FALSE,FALSE,FALSE,FALSE,FALSE,TRUE,TRUE,FALSE,FALSE,FALSE,TRUE,FALSE,FALSE,,Android,FALSE,FALSE,TRUE,part of BEIWE: Android app
https://github.com/onnela-lab/beiwe-ios,EMA Framework,TRUE,FALSE,TRUE,TRUE,TRUE,TRUE,FALSE,FALSE,FALSE,FALSE,FALSE,TRUE,TRUE,FALSE,FALSE,FALSE,TRUE,FALSE,FALSE,,iOS,FALSE,FALSE,TRUE,part of BEIWE: iOS app
https://github.com/bingx1/digital-phenotyping,Unrelated,FALSE,FALSE,FALSE,FALSE,FALSE,FALSE,FALSE,FALSE,FALSE,FALSE,FALSE,FALSE,FALSE,FALSE,FALSE,FALSE,FALSE,FALSE,FALSE,,,FALSE,FALSE,FALSE,digital phenotyping system for a university course project
https://github.com/BIDMCDigitalPsychiatry/LAMP-core-ios,EMA Framework,TRUE,TRUE,TRUE,TRUE,FALSE,FALSE,FALSE,TRUE,FALSE,FALSE,FALSE,TRUE,FALSE,FALSE,TRUE,TRUE,TRUE,TRUE,FALSE,,"iOS, WatchOS",TRUE,FALSE,TRUE,part of LAMP: iOS app
https://github.com/jeancomp/OpenDPMH,EMA Framework,TRUE,TRUE,TRUE,TRUE,FALSE,FALSE,TRUE,FALSE,TRUE,FALSE,FALSE,FALSE,FALSE,FALSE,TRUE,FALSE,TRUE,FALSE,FALSE,,Android,FALSE,FALSE,TRUE,framework to create digital phenotyping apps that allows to add custom modules for data gathering or processing
https://github.com/gitschott/digital-phenotyping,Unrelated,FALSE,FALSE,FALSE,FALSE,FALSE,FALSE,FALSE,FALSE,FALSE,FALSE,FALSE,FALSE,FALSE,FALSE,FALSE,FALSE,FALSE,FALSE,FALSE,,,FALSE,FALSE,FALSE,ML project that predicts iris pigmentation from pre-collected data
https://github.com/zilto/ordinal-forecasting-digital-phenotyping,Unrelated,FALSE,FALSE,FALSE,FALSE,FALSE,FALSE,FALSE,FALSE,FALSE,FALSE,FALSE,FALSE,FALSE,FALSE,FALSE,FALSE,FALSE,FALSE,FALSE,,,FALSE,FALSE,TRUE,code for a paper
https://github.com/xuancong84/beiwe-backend,Unrelated,FALSE,FALSE,FALSE,FALSE,FALSE,FALSE,FALSE,FALSE,FALSE,FALSE,FALSE,FALSE,FALSE,FALSE,FALSE,FALSE,FALSE,FALSE,FALSE,,,FALSE,FALSE,FALSE,fan version of BEIWE backend => skip
https://github.com/xuancong84/beiwe-android,Unrelated,FALSE,FALSE,FALSE,FALSE,FALSE,FALSE,FALSE,FALSE,FALSE,FALSE,FALSE,FALSE,FALSE,FALSE,FALSE,FALSE,FALSE,FALSE,FALSE,,,FALSE,FALSE,FALSE,fan version of BEIWE core android => skip
https://github.com/ETS-Android5/fenotipagem_digital_saude_vs_0_1,Unrelated,FALSE,TRUE,TRUE,TRUE,FALSE,TRUE,TRUE,FALSE,TRUE,FALSE,FALSE,FALSE,FALSE,FALSE,TRUE,FALSE,TRUE,FALSE,FALSE,,Android,FALSE,FALSE,FALSE,digital phenotyping app with no support for custom studies
https://github.com/BIDMCDigitalPsychiatry/LAMP-core-android,EMA Framework,TRUE,TRUE,TRUE,TRUE,FALSE,FALSE,FALSE,TRUE,FALSE,FALSE,FALSE,TRUE,FALSE,FALSE,TRUE,TRUE,TRUE,TRUE,FALSE,,Android,TRUE,FALSE,TRUE,part of LAMP: Android app
https://github.com/abelgonzalez/BraPolar,EMA App,TRUE,TRUE,TRUE,TRUE,TRUE,FALSE,FALSE,FALSE,TRUE,FALSE,FALSE,TRUE,FALSE,FALSE,TRUE,TRUE,TRUE,FALSE,FALSE,,Android,TRUE,FALSE,TRUE,
https://github.com/dptools/daily_journal_dataflow_qc,Unrelated,FALSE,FALSE,TRUE,TRUE,FALSE,FALSE,FALSE,TRUE,TRUE,TRUE,FALSE,FALSE,TRUE,FALSE,FALSE,FALSE,FALSE,FALSE,FALSE,PC,Linux,FALSE,FALSE,TRUE,data pipeline for a daily audio journalling project AMPSCZ
https://github.com/ResearchKit/ResearchKit,EMA Framework,TRUE,TRUE,TRUE,TRUE,FALSE,FALSE,FALSE,TRUE,FALSE,TRUE,FALSE,TRUE,TRUE,TRUE,FALSE,FALSE,TRUE,TRUE,FALSE,,"iOS, WatchOS",FALSE,FALSE,TRUE,
https://github.com/ResearchKit/AppCore,Unrelated,FALSE,FALSE,FALSE,FALSE,FALSE,FALSE,FALSE,FALSE,FALSE,FALSE,FALSE,FALSE,FALSE,FALSE,FALSE,FALSE,FALSE,FALSE,FALSE,,,FALSE,FALSE,FALSE,core functionality for inital 5 proof-of-concept apps for ResearchKit
https://github.com/ResearchStack/ResearchStack,EMA Framework,TRUE,TRUE,TRUE,TRUE,FALSE,FALSE,FALSE,TRUE,FALSE,TRUE,FALSE,TRUE,TRUE,TRUE,FALSE,FALSE,TRUE,FALSE,FALSE,,Android,FALSE,FALSE,FALSE,ResearchKit implementation for Android
https://github.com/QuickBirdEng/survey_kit,EMA Framework,FALSE,FALSE,TRUE,TRUE,FALSE,FALSE,FALSE,TRUE,FALSE,FALSE,FALSE,TRUE,FALSE,FALSE,FALSE,FALSE,TRUE,TRUE,TRUE,,Any,FALSE,FALSE,FALSE,ResearchKit implementation in Flutter
https://github.com/ResearchKit/mPower,EMA App,TRUE,TRUE,TRUE,TRUE,TRUE,FALSE,FALSE,FALSE,TRUE,FALSE,FALSE,TRUE,FALSE,FALSE,FALSE,TRUE,TRUE,FALSE,FALSE,,iOS,FALSE,FALSE,TRUE,
https://github.com/CardinalKit/CardinalKit,EMA Framework,TRUE,TRUE,TRUE,TRUE,FALSE,FALSE,FALSE,TRUE,FALSE,FALSE,FALSE,TRUE,TRUE,TRUE,TRUE,FALSE,TRUE,FALSE,FALSE,,iOS,TRUE,FALSE,TRUE,predecessor to Stanford Spezi
https://github.com/ResearchKit/GlucoSuccess,EMA App,TRUE,TRUE,TRUE,TRUE,TRUE,FALSE,FALSE,FALSE,TRUE,FALSE,FALSE,TRUE,FALSE,FALSE,FALSE,FALSE,TRUE,FALSE,FALSE,,iOS,FALSE,FALSE,TRUE,
https://github.com/DerLobi/Depressed,Unrelated,FALSE,TRUE,TRUE,TRUE,TRUE,FALSE,FALSE,FALSE,FALSE,FALSE,FALSE,TRUE,FALSE,FALSE,FALSE,FALSE,TRUE,FALSE,FALSE,,iOS,FALSE,FALSE,FALSE,"only 1 PHQ-9 questionnaire, not to be repeated"
https://github.com/QuickBirdEng/SurveyKit,EMA Framework,FALSE,FALSE,TRUE,TRUE,FALSE,FALSE,FALSE,TRUE,FALSE,FALSE,FALSE,TRUE,FALSE,FALSE,FALSE,FALSE,TRUE,FALSE,FALSE,,Android,FALSE,FALSE,FALSE,ResearchKit implementation in Kotlin
https://github.com/ResearchKit/AsthmaHealth,EMA App,TRUE,TRUE,TRUE,TRUE,TRUE,FALSE,FALSE,FALSE,TRUE,FALSE,FALSE,TRUE,FALSE,FALSE,FALSE,FALSE,TRUE,FALSE,FALSE,,iOS,FALSE,FALSE,TRUE,
https://github.com/ResearchKit/ShareTheJourney,EMA App,TRUE,TRUE,TRUE,TRUE,TRUE,FALSE,FALSE,FALSE,TRUE,FALSE,FALSE,TRUE,FALSE,FALSE,FALSE,FALSE,TRUE,FALSE,FALSE,,iOS,FALSE,FALSE,TRUE,
https://github.com/Mylittleswift/ios-health-fitness-apps,Unrelated,FALSE,FALSE,FALSE,FALSE,FALSE,FALSE,FALSE,FALSE,FALSE,FALSE,FALSE,FALSE,FALSE,FALSE,FALSE,FALSE,FALSE,FALSE,FALSE,,,FALSE,FALSE,FALSE,list of apps using ResearchKt
https://github.com/cph-cachet/research.package,EMA Framework,TRUE,TRUE,TRUE,TRUE,FALSE,FALSE,FALSE,TRUE,FALSE,FALSE,FALSE,TRUE,FALSE,FALSE,FALSE,FALSE,TRUE,TRUE,FALSE,,"Android, iOS",FALSE,FALSE,FALSE,part of CARP: scientific research core library
https://github.com/ResearchKit/MyHeartCounts,EMA App,TRUE,TRUE,TRUE,TRUE,TRUE,FALSE,FALSE,FALSE,TRUE,FALSE,FALSE,TRUE,FALSE,FALSE,TRUE,FALSE,TRUE,FALSE,FALSE,,iOS,FALSE,FALSE,TRUE,
https://github.com/ninoguba/ionic-researchKit,EMA Framework,TRUE,TRUE,TRUE,TRUE,FALSE,FALSE,FALSE,TRUE,FALSE,FALSE,FALSE,TRUE,TRUE,FALSE,FALSE,FALSE,TRUE,TRUE,FALSE,,Any,FALSE,FALSE,FALSE,ResearchKit implementation in Ionic for native apps
https://github.com/matteocrippa/ResearchKit-ColorBlind,Unrelated,FALSE,FALSE,FALSE,FALSE,FALSE,FALSE,FALSE,FALSE,FALSE,FALSE,FALSE,FALSE,FALSE,FALSE,FALSE,FALSE,FALSE,FALSE,FALSE,,,FALSE,FALSE,FALSE,"no info, links are broken => skip"
https://github.com/StanfordBDHG/ResearchKitOnFHIR,EMA Tool,FALSE,FALSE,FALSE,FALSE,FALSE,FALSE,FALSE,FALSE,FALSE,FALSE,FALSE,FALSE,FALSE,FALSE,FALSE,FALSE,TRUE,FALSE,FALSE,,iOS,FALSE,FALSE,FALSE,allows to use FHIR questionnaires with ResearchKt
https://github.com/EddyVerbruggen/cordova-plugin-researchkit,Unrelated,FALSE,FALSE,FALSE,FALSE,FALSE,FALSE,FALSE,FALSE,FALSE,FALSE,FALSE,FALSE,FALSE,FALSE,FALSE,FALSE,TRUE,FALSE,FALSE,,Any,FALSE,FALSE,FALSE,"Cordova plugin to allow usage of questionnaires, but only boolean and numerical ones are currently supported? => skip"
https://github.com/ResearchStack/MoleMapperAndroid,Unrelated,FALSE,FALSE,FALSE,FALSE,FALSE,FALSE,FALSE,FALSE,FALSE,FALSE,FALSE,FALSE,FALSE,FALSE,FALSE,FALSE,FALSE,FALSE,FALSE,,,FALSE,FALSE,FALSE,"Reimplementation of MoleMapper in Android => skip, as the original MoleMapper is not public"
https://github.com/carekit-apple/CareKit,EMA Framework,TRUE,TRUE,TRUE,TRUE,FALSE,FALSE,FALSE,TRUE,FALSE,TRUE,FALSE,FALSE,FALSE,FALSE,FALSE,FALSE,TRUE,FALSE,FALSE,,iOS,FALSE,FALSE,TRUE,part of ResearchKit: medical visualization and task tools (journaling)
https://github.com/sye8/AppleWatchHeartRateCollection,Unrelated,FALSE,TRUE,TRUE,TRUE,FALSE,TRUE,FALSE,FALSE,TRUE,FALSE,FALSE,FALSE,FALSE,FALSE,TRUE,FALSE,TRUE,FALSE,FALSE,,iOS,FALSE,FALSE,FALSE,only collects contextual info => skip
https://github.com/susom/lifespace,EMA App,TRUE,TRUE,TRUE,TRUE,TRUE,FALSE,FALSE,FALSE,TRUE,FALSE,FALSE,TRUE,FALSE,FALSE,TRUE,FALSE,TRUE,FALSE,FALSE,,iOS,FALSE,FALSE,TRUE,
https://github.com/Jason-TsangGL/Mindful-Moves,EMA App,FALSE,TRUE,TRUE,TRUE,FALSE,TRUE,FALSE,FALSE,TRUE,FALSE,FALSE,TRUE,FALSE,FALSE,TRUE,FALSE,TRUE,FALSE,FALSE,,iOS,TRUE,FALSE,TRUE,
https://github.com/recoveryrecord/SurveyNative,Unrelated,FALSE,TRUE,FALSE,FALSE,FALSE,FALSE,FALSE,TRUE,FALSE,FALSE,FALSE,TRUE,FALSE,FALSE,FALSE,FALSE,TRUE,FALSE,FALSE,,iOS,FALSE,FALSE,FALSE,"JSON questionnaire viewer, but no way to use the answers as there is no server or storage"
https://github.com/clinical-cloud/QuestionnaireKit,EMA Tool,FALSE,FALSE,FALSE,FALSE,FALSE,FALSE,FALSE,FALSE,FALSE,FALSE,FALSE,TRUE,FALSE,FALSE,FALSE,FALSE,TRUE,FALSE,FALSE,,iOS,FALSE,FALSE,FALSE,FHIR questionnaires usable in ResearchKit
https://github.com/vishnuravi/viranos,EMA App,TRUE,TRUE,TRUE,TRUE,TRUE,FALSE,FALSE,FALSE,TRUE,FALSE,FALSE,TRUE,FALSE,FALSE,FALSE,TRUE,TRUE,FALSE,FALSE,,iOS,FALSE,FALSE,FALSE,
https://github.com/raheelsayeed/AssessmentCenter,EMA Tool,FALSE,TRUE,FALSE,FALSE,FALSE,FALSE,FALSE,FALSE,FALSE,FALSE,FALSE,FALSE,FALSE,FALSE,FALSE,FALSE,TRUE,FALSE,FALSE,,iOS,FALSE,FALSE,FALSE,
https://github.com/muhammetdemirci/m-chat,Unrelated,TRUE,TRUE,TRUE,TRUE,FALSE,FALSE,FALSE,TRUE,FALSE,FALSE,FALSE,TRUE,FALSE,FALSE,FALSE,FALSE,TRUE,FALSE,FALSE,,iOS,FALSE,FALSE,FALSE,"1-2 questionnaires, never repeated"
https://github.com/johndpope/iOS-Research-App,Unrelated,FALSE,TRUE,FALSE,FALSE,FALSE,FALSE,FALSE,FALSE,FALSE,FALSE,FALSE,TRUE,FALSE,FALSE,FALSE,FALSE,TRUE,FALSE,FALSE,,iOS,FALSE,FALSE,FALSE,too little information given => skip
https://github.com/carminecoppola/OneTouch,Unrelated,FALSE,FALSE,FALSE,FALSE,FALSE,FALSE,FALSE,FALSE,FALSE,FALSE,FALSE,FALSE,FALSE,FALSE,FALSE,FALSE,TRUE,FALSE,FALSE,,iOS,TRUE,FALSE,FALSE,medicine intake reminder
https://github.com/WhoopInc/survey-kit,EMA Framework,FALSE,FALSE,TRUE,TRUE,FALSE,FALSE,FALSE,TRUE,FALSE,FALSE,FALSE,TRUE,FALSE,FALSE,FALSE,FALSE,FALSE,TRUE,FALSE,,Android,FALSE,FALSE,FALSE,"survey-kit from above, but for WHOOP devices"
https://github.com/fedetop01/Jointwise,EMA App,FALSE,FALSE,TRUE,TRUE,FALSE,TRUE,FALSE,FALSE,TRUE,TRUE,FALSE,FALSE,FALSE,FALSE,FALSE,FALSE,TRUE,FALSE,FALSE,,iOS,TRUE,FALSE,FALSE,
https://github.com/marwan37/CHFManager,Unrelated,FALSE,TRUE,TRUE,FALSE,FALSE,FALSE,FALSE,FALSE,FALSE,FALSE,FALSE,FALSE,FALSE,FALSE,FALSE,FALSE,TRUE,FALSE,FALSE,,iOS,FALSE,FALSE,FALSE,not described as having EMA functionalities
https://github.com/ohsu-molemapper/MoleMapper_iOS_public,Unrelated,FALSE,FALSE,FALSE,FALSE,FALSE,FALSE,FALSE,FALSE,FALSE,FALSE,FALSE,FALSE,FALSE,FALSE,FALSE,FALSE,FALSE,FALSE,FALSE,,,FALSE,FALSE,FALSE,"Reimplementation of MoleMapper in iOS => skip, as the original MoleMapper is not public"
https://github.com/daniel-lachance/LeishMapper,Unrelated,FALSE,FALSE,FALSE,FALSE,FALSE,FALSE,FALSE,FALSE,FALSE,FALSE,FALSE,FALSE,FALSE,FALSE,FALSE,FALSE,FALSE,FALSE,FALSE,,,FALSE,FALSE,FALSE,"Reimplementation of MoleMapper in Android => skip, as the original MoleMapper is not public"
https://github.com/TheraForge/OTFToolBox,Unrelated,TRUE,FALSE,FALSE,FALSE,FALSE,FALSE,FALSE,TRUE,FALSE,FALSE,FALSE,TRUE,FALSE,FALSE,TRUE,FALSE,TRUE,FALSE,FALSE,,iOS,FALSE,FALSE,FALSE,"toolbox containing custom forks of HealthKit and CareKit, no questionnaire support outside of the ResearchKit fork"
https://github.com/cliffordlab/moyo_ios,EMA App,TRUE,TRUE,TRUE,TRUE,TRUE,FALSE,FALSE,FALSE,TRUE,FALSE,FALSE,TRUE,FALSE,TRUE,TRUE,FALSE,TRUE,FALSE,FALSE,,iOS,FALSE,FALSE,FALSE,Moyo Health Network
https://github.com/Vijaymax555/Hactive,Unrelated,FALSE,FALSE,TRUE,TRUE,TRUE,FALSE,FALSE,FALSE,TRUE,FALSE,FALSE,FALSE,FALSE,FALSE,FALSE,TRUE,TRUE,FALSE,FALSE,,iOS,FALSE,FALSE,FALSE,only gathers heart rate data from a connected Apple Watch. This is contextual data only => not about subject data
https://github.com/nearzero/elicitation-engine,EMA Tool,FALSE,FALSE,FALSE,FALSE,FALSE,FALSE,FALSE,TRUE,FALSE,FALSE,FALSE,TRUE,FALSE,FALSE,FALSE,FALSE,FALSE,FALSE,TRUE,,Any,FALSE,FALSE,FALSE,web app to create and host surveys
https://github.com/dmrodriqu/Fitbit,Unrelated,FALSE,FALSE,FALSE,FALSE,FALSE,FALSE,FALSE,FALSE,FALSE,FALSE,FALSE,FALSE,FALSE,FALSE,FALSE,FALSE,FALSE,FALSE,FALSE,,,FALSE,FALSE,FALSE,collection of data analysis programs => skip
https://github.com/TheTechSpace/family-healthcare,Unrelated,TRUE,TRUE,FALSE,FALSE,FALSE,FALSE,FALSE,TRUE,FALSE,FALSE,FALSE,FALSE,FALSE,FALSE,FALSE,FALSE,TRUE,FALSE,FALSE,,Android,FALSE,FALSE,FALSE,no ema functionality in Code
https://github.com/hasanic-git/ScreenSafeFuture,Unrelated,TRUE,TRUE,TRUE,FALSE,FALSE,TRUE,FALSE,FALSE,TRUE,FALSE,FALSE,FALSE,FALSE,FALSE,FALSE,TRUE,TRUE,FALSE,FALSE,,iOS,FALSE,FALSE,TRUE,"tracks screen-time of toddlers and locks devices after a limit, only one one-time questionnaire for parents"
https://github.com/hvrlxy/TIME-mood-prediction,Unrelated,FALSE,FALSE,FALSE,FALSE,FALSE,FALSE,FALSE,FALSE,FALSE,FALSE,FALSE,FALSE,FALSE,FALSE,FALSE,FALSE,FALSE,FALSE,FALSE,,,FALSE,FALSE,TRUE,ML model for prediction of mood data
https://github.com/Sameera-G/HealNet-Mobile_Health,Unrelated,TRUE,TRUE,FALSE,TRUE,FALSE,FALSE,TRUE,FALSE,TRUE,FALSE,FALSE,FALSE,FALSE,FALSE,TRUE,FALSE,TRUE,FALSE,FALSE,,Any,FALSE,FALSE,FALSE,"collects data on patient temp, humidity and oxygen levels using an Arduino, but not about subject data"
https://github.com/pauruigar6/CareMonitorIPe,Unrelated,TRUE,TRUE,FALSE,TRUE,FALSE,FALSE,FALSE,TRUE,TRUE,FALSE,FALSE,FALSE,TRUE,FALSE,FALSE,FALSE,FALSE,FALSE,TRUE,,Any,FALSE,FALSE,FALSE,more like health data management and not data collection
https://github.com/Joey8419/GHT-APPFILES,Unrelated,FALSE,FALSE,TRUE,TRUE,TRUE,FALSE,FALSE,FALSE,TRUE,FALSE,FALSE,FALSE,FALSE,FALSE,TRUE,FALSE,FALSE,FALSE,TRUE,,Any,FALSE,FALSE,FALSE,"unfinished, shows historical health risks based on location, but not about subject data"
https://github.com/AlmiraVelic/SemperTibi,EMA App,TRUE,TRUE,TRUE,TRUE,TRUE,FALSE,FALSE,FALSE,TRUE,TRUE,FALSE,FALSE,FALSE,FALSE,FALSE,FALSE,TRUE,FALSE,FALSE,,Android,FALSE,FALSE,TRUE,"MoodTracker, but I do not know what happens with the data"
https://github.com/John-Atha/heart-mobile-app,Unrelated,TRUE,TRUE,FALSE,FALSE,FALSE,FALSE,FALSE,FALSE,FALSE,FALSE,FALSE,FALSE,FALSE,FALSE,FALSE,FALSE,FALSE,FALSE,FALSE,,,FALSE,FALSE,FALSE,"university course assignment with no major EMA functionality, contains a NN"
https://github.com/pantageepapa/ba,Unrelated,TRUE,TRUE,TRUE,FALSE,FALSE,FALSE,FALSE,TRUE,TRUE,FALSE,FALSE,FALSE,FALSE,FALSE,FALSE,TRUE,TRUE,FALSE,FALSE,,Any,FALSE,FALSE,TRUE,"only collects Spotify data to track depression, not about subject data"
https://github.com/alikarakurum/Heapp,Unrelated,TRUE,TRUE,FALSE,FALSE,FALSE,FALSE,FALSE,TRUE,FALSE,FALSE,FALSE,FALSE,FALSE,FALSE,FALSE,FALSE,TRUE,FALSE,FALSE,,Any,FALSE,FALSE,FALSE,"unfinished, code shows no EMA functionality"
https://github.com/yaswanthjagilanka/MobileHealthMonitoringusingRPi,Unrelated,TRUE,TRUE,FALSE,TRUE,TRUE,FALSE,FALSE,FALSE,FALSE,FALSE,FALSE,FALSE,FALSE,FALSE,TRUE,FALSE,FALSE,FALSE,FALSE,PC,"Linux, MacOS, Windows",FALSE,FALSE,FALSE,"reads heart rate from RPi sensor and sends an Email with that information to a set adress, not about subject data"
https://github.com/ZhuoZHI-UCL/Lab-on-App,Unrelated,FALSE,FALSE,FALSE,FALSE,FALSE,FALSE,FALSE,TRUE,FALSE,FALSE,FALSE,FALSE,FALSE,FALSE,FALSE,FALSE,FALSE,FALSE,FALSE,PC,Any,FALSE,FALSE,TRUE,"tools for an anemia prediction AI from a PHD thesis, doesn't gather data"
https://github.com/maxpatiiuk/clarity,EMA App,TRUE,TRUE,TRUE,TRUE,TRUE,FALSE,FALSE,FALSE,TRUE,FALSE,FALSE,FALSE,FALSE,FALSE,FALSE,TRUE,TRUE,FALSE,FALSE,,iOS,FALSE,FALSE,FALSE,tracks what subjects buy and consume => passive behaviour tracking + interventions
https://github.com/arturjordao/WearableSensorData,Unrelated,TRUE,TRUE,FALSE,FALSE,FALSE,FALSE,FALSE,FALSE,FALSE,FALSE,FALSE,FALSE,FALSE,FALSE,FALSE,FALSE,FALSE,FALSE,FALSE,,,FALSE,FALSE,TRUE,code for a paper about activity recognition AI
https://github.com/uwcirg/tb-mobile-app,EMA App,TRUE,TRUE,TRUE,TRUE,TRUE,FALSE,FALSE,FALSE,TRUE,FALSE,FALSE,TRUE,FALSE,FALSE,FALSE,FALSE,TRUE,FALSE,TRUE,,Any,FALSE,FALSE,TRUE,
https://github.com/tyleryasaka/TrackCOVID,Unrelated,TRUE,TRUE,TRUE,TRUE,FALSE,FALSE,FALSE,TRUE,FALSE,FALSE,FALSE,FALSE,FALSE,FALSE,FALSE,FALSE,FALSE,FALSE,FALSE,,,FALSE,FALSE,TRUE,"covid tracker and contact tracer model, no EMA, has an app that's not here"
https://github.com/MD2Korg/CerebralCortex-2.0-legacy,Unrelated,FALSE,FALSE,FALSE,FALSE,FALSE,FALSE,FALSE,FALSE,FALSE,FALSE,FALSE,FALSE,FALSE,FALSE,FALSE,FALSE,FALSE,FALSE,FALSE,,,FALSE,FALSE,FALSE,"cloud companion for data management in databases, marked as legacy project => skip"
https://github.com/benphilip1991/del-container,Unrelated,FALSE,FALSE,FALSE,FALSE,FALSE,FALSE,FALSE,TRUE,FALSE,FALSE,FALSE,FALSE,FALSE,FALSE,TRUE,FALSE,TRUE,FALSE,FALSE,,Android,TRUE,FALSE,FALSE,base app that allows containerized modules to be played inside it. Could potentially be used for EMA if a custom EMA module is implemented (like in the mood tracker example) but is marked as under development and hasn't received updates in 2 years
https://github.com/markolalovic/ppg-vitals,EMA Tool,FALSE,FALSE,FALSE,TRUE,FALSE,FALSE,FALSE,TRUE,FALSE,FALSE,FALSE,FALSE,FALSE,FALSE,FALSE,TRUE,FALSE,FALSE,TRUE,,Any,FALSE,FALSE,TRUE,"uses flashlight to measure PPG signals, could be used as EMA measurement, but not really a standard EMA tool"
https://github.com/AmuletGroup/amulet-project,Unrelated,TRUE,FALSE,TRUE,TRUE,FALSE,FALSE,FALSE,TRUE,FALSE,FALSE,FALSE,TRUE,FALSE,FALSE,TRUE,FALSE,FALSE,TRUE,FALSE,,,FALSE,FALSE,TRUE,"mHealth framework for the AMULET hardware, but was closed in 2023 => skip"
https://github.com/stergiosbamp/deep-physical-activity-prediction,Unrelated,FALSE,FALSE,FALSE,FALSE,FALSE,FALSE,FALSE,FALSE,FALSE,FALSE,FALSE,FALSE,FALSE,FALSE,FALSE,FALSE,FALSE,FALSE,FALSE,,,FALSE,FALSE,TRUE,analysis code and ML model for a paper
https://github.com/Equideum/iosSDK,Unrelated,TRUE,TRUE,FALSE,FALSE,FALSE,FALSE,FALSE,TRUE,FALSE,FALSE,FALSE,FALSE,FALSE,FALSE,FALSE,FALSE,TRUE,FALSE,FALSE,,iOS,FALSE,FALSE,FALSE,
https://github.com/baygeldin/StressDetectionKit,Unrelated,FALSE,FALSE,TRUE,TRUE,FALSE,TRUE,FALSE,FALSE,TRUE,FALSE,FALSE,FALSE,FALSE,FALSE,TRUE,FALSE,TRUE,FALSE,FALSE,,"Android, iOS",FALSE,FALSE,FALSE,not about subject data
https://github.com/jonghoonlee98/Sendit,EMA App,TRUE,FALSE,TRUE,TRUE,TRUE,FALSE,FALSE,FALSE,TRUE,FALSE,FALSE,TRUE,FALSE,FALSE,FALSE,FALSE,FALSE,FALSE,TRUE,,Any,FALSE,FALSE,FALSE,
https://github.com/susiechoi/DiabetesWellness,Unrelated,FALSE,TRUE,TRUE,FALSE,FALSE,FALSE,FALSE,TRUE,FALSE,FALSE,FALSE,FALSE,FALSE,FALSE,TRUE,FALSE,TRUE,FALSE,FALSE,,iOS,FALSE,FALSE,FALSE,only a monitor for watch data
https://github.com/pranav-firake/MS101---Bamboo-Mobile-Health,Unrelated,FALSE,FALSE,FALSE,FALSE,FALSE,FALSE,FALSE,FALSE,FALSE,FALSE,FALSE,FALSE,FALSE,FALSE,FALSE,FALSE,TRUE,FALSE,FALSE,,iOS,FALSE,FALSE,FALSE,"data collection happens on a separate app, this is just gfor visualization"
https://github.com/snehakanaujia/MHCHealthAppliction,EMA App,TRUE,TRUE,TRUE,TRUE,TRUE,FALSE,FALSE,FALSE,TRUE,TRUE,FALSE,FALSE,FALSE,FALSE,FALSE,FALSE,TRUE,FALSE,FALSE,,Android,FALSE,FALSE,FALSE,
https://github.com/kartik-desai/hitfit,EMA App,TRUE,TRUE,TRUE,TRUE,TRUE,FALSE,FALSE,FALSE,TRUE,TRUE,FALSE,FALSE,FALSE,FALSE,TRUE,FALSE,TRUE,FALSE,FALSE,,Android,FALSE,FALSE,FALSE,"implied events: ""whenever subject eats something (after a notification) or does physical activity"""
https://github.com/PauloRob8/AnxietyApp,Unrelated,FALSE,TRUE,FALSE,FALSE,FALSE,FALSE,FALSE,FALSE,FALSE,FALSE,FALSE,FALSE,FALSE,FALSE,FALSE,FALSE,FALSE,FALSE,FALSE,,,FALSE,FALSE,FALSE,readme not in English => skip (went through filter somehow)
https://github.com/AldoSusanto/mHealth-Project,Unrelated,FALSE,TRUE,FALSE,FALSE,FALSE,FALSE,FALSE,FALSE,FALSE,FALSE,FALSE,FALSE,FALSE,FALSE,FALSE,FALSE,FALSE,FALSE,FALSE,,,FALSE,FALSE,FALSE,marked as unfinished/playground version
https://github.com/Biomarker-Development-at-INM7/JTrack-Android,EMA Framework,TRUE,FALSE,TRUE,TRUE,FALSE,FALSE,TRUE,FALSE,TRUE,TRUE,FALSE,FALSE,TRUE,FALSE,TRUE,FALSE,TRUE,FALSE,FALSE,,Android,TRUE,FALSE,TRUE,"framework that collects passive data from sensors or microphone, then let's user label what they were doing as a form of log"
https://github.com/shivaprasad-bhat/laravel-cvd,Unrelated,TRUE,TRUE,FALSE,FALSE,FALSE,TRUE,FALSE,FALSE,TRUE,FALSE,FALSE,TRUE,FALSE,FALSE,FALSE,FALSE,FALSE,FALSE,FALSE,PC,Any,FALSE,FALSE,TRUE,"little to no technical information in readme or homepage or paper, ""Suki Hrudaya"" app is not on GitHub, this is just the backend: surveys only happen voluntarily after 3 & 6 months once each"
https://github.com/AusseKalega/OLAPI,EMA Tool,FALSE,TRUE,TRUE,TRUE,FALSE,FALSE,FALSE,TRUE,FALSE,FALSE,FALSE,FALSE,FALSE,FALSE,TRUE,FALSE,TRUE,FALSE,FALSE,,Android,FALSE,FALSE,FALSE,"API to capture location using sensors in MHDCS apps, bit of a stretch but could be useful for EMA apps on mobile health systems"
https://github.com/lhncbc/lforms-fhir-app,EMA Framework,FALSE,FALSE,TRUE,TRUE,FALSE,FALSE,FALSE,TRUE,FALSE,FALSE,FALSE,TRUE,FALSE,FALSE,FALSE,FALSE,FALSE,FALSE,TRUE,,Any,FALSE,FALSE,FALSE,FHIR questionnaire viewer that also stores the responses in a FHIR server that can be set in the config (is server/nodejs app)
https://github.com/smart-on-fhir/Swift-SMART,EMA Tool,FALSE,FALSE,FALSE,FALSE,FALSE,FALSE,FALSE,TRUE,FALSE,FALSE,FALSE,FALSE,FALSE,FALSE,FALSE,FALSE,TRUE,FALSE,FALSE,,iOS,FALSE,FALSE,FALSE,FHIR client written in SWIFT. Can be used to interact with hc data via SMART on FHIR which many EMA apps also support
https://github.com/dermatologist/fhirformjs,Unrelated,FALSE,FALSE,FALSE,FALSE,FALSE,FALSE,FALSE,FALSE,FALSE,FALSE,FALSE,FALSE,FALSE,FALSE,FALSE,FALSE,FALSE,FALSE,TRUE,,Any,FALSE,FALSE,FALSE,converts FHIR questionnaires into a json schema
https://github.com/NUMde/compass-numapp-frontend,EMA Framework,TRUE,TRUE,TRUE,TRUE,FALSE,FALSE,FALSE,TRUE,TRUE,FALSE,FALSE,TRUE,FALSE,FALSE,FALSE,FALSE,TRUE,FALSE,TRUE,,Any,TRUE,FALSE,TRUE,"frontend for NUMApp. This is an EMA system that operates with custom FHIR questionnaires, but also has an example use for COVID-19 that was conducted with the app"
https://github.com/dermatologist/fhir-questionnaire-render-react,Unrelated,FALSE,FALSE,FALSE,FALSE,FALSE,FALSE,FALSE,FALSE,FALSE,FALSE,FALSE,FALSE,FALSE,FALSE,FALSE,FALSE,FALSE,FALSE,FALSE,,,FALSE,FALSE,FALSE,uses FHIR quesstionnaire json schemas to render them as web forms
https://github.com/medplum/medplum,Unrelated,TRUE,TRUE,FALSE,FALSE,FALSE,FALSE,FALSE,FALSE,FALSE,FALSE,FALSE,FALSE,FALSE,FALSE,FALSE,FALSE,FALSE,FALSE,FALSE,,,FALSE,FALSE,FALSE,"comprehensive developer platform for healthcare applications, rather than a strictly defined EMA framework"
https://github.com/aehrc/smart-forms,Unrelated,TRUE,TRUE,FALSE,FALSE,FALSE,FALSE,FALSE,TRUE,FALSE,FALSE,FALSE,TRUE,FALSE,FALSE,FALSE,FALSE,FALSE,FALSE,TRUE,,Any,FALSE,FALSE,FALSE,"FHIR form renderer, but manual testing had many errors in the form fields, so I think this is not working correctly as of 2024-03-16"
https://github.com/NUMde/compass-numapp-backend,EMA Framework,TRUE,TRUE,TRUE,TRUE,FALSE,FALSE,FALSE,TRUE,TRUE,FALSE,FALSE,TRUE,FALSE,FALSE,FALSE,FALSE,FALSE,FALSE,FALSE,PC,,FALSE,FALSE,TRUE,part of NUMApp: backend
https://github.com/intervention-engine/ie,Unrelated,FALSE,TRUE,FALSE,FALSE,FALSE,FALSE,FALSE,TRUE,FALSE,FALSE,FALSE,FALSE,FALSE,FALSE,FALSE,FALSE,FALSE,FALSE,FALSE,PC,"Linux, MacOS, Windows",FALSE,FALSE,FALSE,"app to help care teams manage huddles, marked as work in progress but also not about subject data"
https://github.com/asbi-cds-tools/asbi-screening-app,Unrelated,FALSE,TRUE,FALSE,TRUE,TRUE,FALSE,FALSE,FALSE,FALSE,FALSE,FALSE,TRUE,FALSE,FALSE,FALSE,FALSE,FALSE,FALSE,TRUE,,Any,FALSE,FALSE,TRUE,only one questionnaire that is not to be repeated I assume? At least no intent in README or desc or paper
https://github.com/C3-PRO/c3-pro-server,EMA Tool,FALSE,FALSE,FALSE,FALSE,FALSE,FALSE,FALSE,FALSE,FALSE,FALSE,FALSE,FALSE,FALSE,FALSE,FALSE,FALSE,FALSE,FALSE,FALSE,,,FALSE,FALSE,FALSE,server for c3-pro app from above
https://github.com/dermatologist/fhirform-vue,EMA Tool,FALSE,FALSE,FALSE,FALSE,FALSE,FALSE,FALSE,FALSE,FALSE,FALSE,FALSE,FALSE,FALSE,FALSE,FALSE,FALSE,FALSE,FALSE,TRUE,,Any,FALSE,FALSE,FALSE,Vue tool to render FHIR questionnaires as webform
https://github.com/sync-for-science/discovery-mobile-ui,EMA Tool,FALSE,FALSE,FALSE,FALSE,FALSE,FALSE,FALSE,FALSE,FALSE,FALSE,FALSE,FALSE,FALSE,FALSE,FALSE,FALSE,FALSE,FALSE,TRUE,,Any,FALSE,FALSE,FALSE,UI tools for S4S apps? no EMA functionality in code
https://github.com/dermatologist/fhirform-server,EMA Tool,FALSE,FALSE,FALSE,FALSE,FALSE,FALSE,FALSE,FALSE,FALSE,FALSE,FALSE,FALSE,FALSE,FALSE,FALSE,FALSE,FALSE,FALSE,FALSE,,,FALSE,FALSE,FALSE,part of fhirform: server
https://github.com/shailender-ssdi/survey-ui-v8,EMA Framework,FALSE,FALSE,TRUE,TRUE,FALSE,FALSE,FALSE,TRUE,FALSE,FALSE,FALSE,TRUE,FALSE,FALSE,FALSE,FALSE,FALSE,FALSE,TRUE,,Any,FALSE,FALSE,FALSE,SMART app that renders FHIR questionnaires and collects + uploads responses to a FHIR server
https://github.com/chronic-care/AHRQ-covid-19-care-summary,Unrelated,FALSE,TRUE,FALSE,FALSE,FALSE,FALSE,FALSE,FALSE,FALSE,FALSE,FALSE,FALSE,FALSE,FALSE,FALSE,FALSE,FALSE,FALSE,FALSE,,,FALSE,FALSE,FALSE,marked as early poc application and looks unfinished
https://github.com/codemePrajna/sof-cardiac-risk,Unrelated,FALSE,TRUE,FALSE,FALSE,FALSE,FALSE,FALSE,FALSE,FALSE,FALSE,FALSE,FALSE,FALSE,FALSE,FALSE,FALSE,FALSE,FALSE,TRUE,,Any,FALSE,FALSE,FALSE,"demo link broken, code doesn't seem to focus on anything other than FHIR observations i.e. no questionnaires"
https://github.com/luis901101/fhir_questionnaire,EMA Tool,TRUE,TRUE,FALSE,FALSE,FALSE,FALSE,FALSE,TRUE,FALSE,FALSE,FALSE,TRUE,FALSE,FALSE,FALSE,FALSE,TRUE,TRUE,TRUE,,Any,FALSE,FALSE,FALSE,"FHIR questionnaire classes in Dart for use in Flutter apps, no info given but code looks usable for older FHIR r4 version (not r5)"
https://github.com/smart-on-fhir/cumulus-library-suicidality-los,Unrelated,FALSE,FALSE,FALSE,FALSE,FALSE,FALSE,FALSE,TRUE,FALSE,FALSE,FALSE,FALSE,FALSE,FALSE,FALSE,FALSE,FALSE,FALSE,FALSE,,,FALSE,FALSE,TRUE,data analysis package for a paper about COVID suicidality rate changes
https://github.com/willcallan/Diabetes_Journalling_App,Unrelated,TRUE,TRUE,TRUE,TRUE,FALSE,FALSE,FALSE,TRUE,TRUE,FALSE,FALSE,TRUE,FALSE,FALSE,FALSE,FALSE,FALSE,FALSE,TRUE,,Any,FALSE,FALSE,FALSE,"proof-of-concept app that doesn't do actual EMA data collection, but could be used to provide blood sugar data to clinicians remotely, that's it"
https://github.com/dotnetpowered/NoteX,Unrelated,FALSE,FALSE,FALSE,FALSE,FALSE,FALSE,FALSE,FALSE,FALSE,FALSE,FALSE,FALSE,FALSE,FALSE,FALSE,FALSE,FALSE,FALSE,FALSE,,,FALSE,FALSE,FALSE,tool for physicians to create notes via speech-to-text tools
https://github.com/LucasEnard/fhir-form,EMA Framework,FALSE,FALSE,TRUE,TRUE,FALSE,FALSE,FALSE,TRUE,FALSE,FALSE,FALSE,TRUE,FALSE,FALSE,FALSE,FALSE,FALSE,FALSE,TRUE,,Any,FALSE,FALSE,FALSE,app that renders FHIR questionnaires and collects + uploads responses to a FHIR server
https://github.com/mHealth-Prototyp/Vaccination,Unrelated,FALSE,FALSE,FALSE,FALSE,FALSE,FALSE,FALSE,FALSE,FALSE,FALSE,FALSE,FALSE,FALSE,FALSE,FALSE,FALSE,FALSE,FALSE,FALSE,,,FALSE,FALSE,FALSE,prototype of an actual app from ehealthsuisse that is not currently public
https://github.com/sabrinathai/ExperienceSampler,EMA Framework,TRUE,TRUE,TRUE,TRUE,TRUE,TRUE,FALSE,FALSE,TRUE,FALSE,FALSE,TRUE,FALSE,FALSE,FALSE,FALSE,TRUE,FALSE,FALSE,,"Android, iOS",TRUE,FALSE,TRUE,
https://github.com/rubenarslan/formr.org,EMA Framework,TRUE,TRUE,TRUE,TRUE,FALSE,FALSE,FALSE,TRUE,TRUE,TRUE,FALSE,TRUE,FALSE,FALSE,FALSE,FALSE,FALSE,FALSE,TRUE,,Any,FALSE,TRUE,TRUE,
https://github.com/harryjmg/alfred-messenger,EMA App,TRUE,TRUE,TRUE,TRUE,FALSE,TRUE,FALSE,FALSE,TRUE,FALSE,FALSE,TRUE,FALSE,FALSE,FALSE,FALSE,FALSE,FALSE,TRUE,,Any,FALSE,TRUE,FALSE,Facebook chat bot that sends links periodically to assess someone's current flow. Only one questionnaire that is repeated
https://github.com/rgauci/Track,EMA Framework,FALSE,TRUE,TRUE,TRUE,FALSE,TRUE,FALSE,FALSE,TRUE,FALSE,FALSE,TRUE,FALSE,FALSE,FALSE,FALSE,TRUE,FALSE,FALSE,,Android,TRUE,FALSE,TRUE,"supports only one questionnaire, but that questionnaire can be changed manually before building the app"
https://github.com/cens/ohmagePhone,EMA Framework,FALSE,FALSE,TRUE,TRUE,FALSE,FALSE,FALSE,TRUE,TRUE,FALSE,FALSE,TRUE,FALSE,FALSE,TRUE,FALSE,TRUE,FALSE,FALSE,,Android,TRUE,FALSE,TRUE,
https://github.com/tetujin/aware-client-ios,EMA Framework,TRUE,TRUE,TRUE,TRUE,TRUE,TRUE,TRUE,FALSE,TRUE,FALSE,FALSE,TRUE,TRUE,,TRUE,FALSE,TRUE,TRUE,FALSE,,"Android, iOS, FitBit OS",TRUE,FALSE,TRUE,"this is the deprecated version of AWARE, the new version is not picked up in the search but the data is used from that"
https://github.com/picsul/short-message-survey,Unrelated,FALSE,FALSE,FALSE,TRUE,FALSE,TRUE,FALSE,FALSE,TRUE,FALSE,FALSE,TRUE,FALSE,FALSE,FALSE,FALSE,TRUE,FALSE,FALSE,,"Android, iOS",FALSE,TRUE,FALSE,not about subject data
https://github.com/tetujin/AWAREFramework-iOS,EMA Framework,FALSE,FALSE,TRUE,TRUE,FALSE,FALSE,FALSE,FALSE,FALSE,FALSE,FALSE,FALSE,FALSE,FALSE,FALSE,FALSE,FALSE,FALSE,FALSE,,,FALSE,FALSE,FALSE,part of AWARE: iOS core
https://github.com/djaustin/question-master,Unrelated,TRUE,TRUE,FALSE,FALSE,FALSE,FALSE,FALSE,FALSE,FALSE,FALSE,FALSE,FALSE,FALSE,FALSE,FALSE,FALSE,FALSE,FALSE,FALSE,,,FALSE,FALSE,FALSE,"not enough info, code only shows one questionnaire with 5 possible responses ""very unhappy"" to ""very happy"" => not about subject data"
https://github.com/reach-lab/MixWildGUI,EMA Tool,TRUE,TRUE,FALSE,FALSE,FALSE,FALSE,FALSE,TRUE,FALSE,FALSE,FALSE,FALSE,FALSE,FALSE,FALSE,FALSE,FALSE,FALSE,FALSE,PC,"Linux, MacOS, Windows",FALSE,FALSE,TRUE,desktop tool for ESM data analysis
https://github.com/magicleap/wifi-direct-shared-experience-sample,Unrelated,FALSE,FALSE,FALSE,FALSE,FALSE,FALSE,FALSE,FALSE,FALSE,FALSE,FALSE,FALSE,FALSE,FALSE,FALSE,FALSE,FALSE,FALSE,FALSE,,,FALSE,FALSE,FALSE,"not about subject data, unfortunate use of ""experience sampling"": ""Shared Experience, sample app"""
https://github.com/htwangtw/nbackexpsampling,Unrelated,TRUE,TRUE,FALSE,FALSE,FALSE,FALSE,FALSE,FALSE,FALSE,FALSE,FALSE,FALSE,FALSE,FALSE,FALSE,FALSE,FALSE,FALSE,FALSE,,,FALSE,FALSE,FALSE,prototype of an algorithm to enhance a specific task for neuroscience (fMRI ESM)
https://github.com/dray-the-sea/iOS-Landmarks-tutorial,Unrelated,TRUE,TRUE,FALSE,TRUE,FALSE,FALSE,FALSE,TRUE,TRUE,FALSE,FALSE,FALSE,FALSE,FALSE,TRUE,FALSE,TRUE,FALSE,FALSE,,iOS,FALSE,FALSE,FALSE,
https://github.com/melanievogel/esm-bot,EMA App,FALSE,FALSE,TRUE,TRUE,FALSE,TRUE,FALSE,FALSE,TRUE,FALSE,FALSE,TRUE,FALSE,FALSE,FALSE,FALSE,TRUE,FALSE,TRUE,PC,Any,FALSE,TRUE,TRUE,"Telegram Bot that performs scheduled ESM via questionnaires in chat and stores results, bachelor's thesis code that was updated ~4 years post studies end"
https://github.com/EckoTan0804/mind-rate,EMA Framework,TRUE,TRUE,TRUE,TRUE,TRUE,TRUE,FALSE,FALSE,TRUE,FALSE,FALSE,TRUE,FALSE,FALSE,TRUE,FALSE,TRUE,FALSE,FALSE,,Android,TRUE,FALSE,FALSE,"university project about an EMA server+app system that could most likely be used as a framework as the questionnaires are hardcoded as JSON, pdf files show that studues and questionnaires can be added in-app"
https://github.com/mediatization/ScreenLife,Unrelated,TRUE,TRUE,FALSE,FALSE,FALSE,FALSE,FALSE,FALSE,FALSE,FALSE,FALSE,FALSE,FALSE,FALSE,FALSE,FALSE,FALSE,FALSE,FALSE,,,FALSE,FALSE,FALSE,"too little information in README, code does not look like it is finished, this is not ScreenLife Capture (actual EMA system)"
https://github.com/xallysie/experiencesampler-jsPsych,EMA Tool,FALSE,TRUE,TRUE,TRUE,FALSE,FALSE,FALSE,FALSE,FALSE,FALSE,FALSE,TRUE,FALSE,FALSE,FALSE,FALSE,FALSE,FALSE,TRUE,,Any,FALSE,FALSE,FALSE,"ExperienceSampler based plugin for jsPsych, a web framework for psychology research projects"
https://github.com/miserman/survey_scheduler,EMA Tool,FALSE,FALSE,FALSE,FALSE,FALSE,FALSE,FALSE,TRUE,FALSE,FALSE,FALSE,FALSE,FALSE,FALSE,FALSE,FALSE,FALSE,FALSE,FALSE,PC,"Linux, MacOS, Windows",FALSE,TRUE,FALSE,scheduler for SMS messages for EMA studies i.e. device reminders
https://github.com/ykkunkels/ESIR_portal,Unrelated,FALSE,FALSE,FALSE,FALSE,FALSE,FALSE,FALSE,FALSE,FALSE,FALSE,FALSE,FALSE,FALSE,FALSE,FALSE,FALSE,FALSE,FALSE,FALSE,,,FALSE,FALSE,FALSE,repository for ESM items and their uses
https://github.com/uwmadison-chm/hedonometer,EMA Framework,FALSE,FALSE,TRUE,TRUE,FALSE,TRUE,FALSE,FALSE,FALSE,FALSE,FALSE,TRUE,FALSE,FALSE,FALSE,FALSE,TRUE,FALSE,FALSE,,Any,FALSE,TRUE,FALSE,"tool to send SMS for EMA and collect answers from reply SMSs, allows custom survey creation and scheduling"
https://github.com/pffelix/AWARE-Plugin-ESMSurvey,EMA Framework,FALSE,FALSE,TRUE,TRUE,FALSE,FALSE,FALSE,FALSE,FALSE,FALSE,FALSE,FALSE,FALSE,FALSE,FALSE,FALSE,FALSE,FALSE,FALSE,,,FALSE,FALSE,FALSE,part of AWARE: custom ESM survey plugin
https://github.com/westermannlab/swiper,Unrelated,FALSE,TRUE,FALSE,FALSE,FALSE,FALSE,FALSE,FALSE,FALSE,FALSE,FALSE,FALSE,FALSE,FALSE,FALSE,FALSE,FALSE,FALSE,FALSE,,,FALSE,FALSE,FALSE,code looks unfinnished with a lot of test alerts and comments
https://github.com/Yury-Shevchenko/yuaudio,EMA Tool,TRUE,TRUE,TRUE,TRUE,FALSE,FALSE,FALSE,TRUE,FALSE,FALSE,FALSE,FALSE,TRUE,FALSE,FALSE,FALSE,FALSE,FALSE,TRUE,,Any,FALSE,FALSE,FALSE,"backend for voice recordings as answer/log to a custom study, could be used in EMA apps for cross-platform voice recording via browser in addition to regular subject data collection"
https://github.com/PsychYu/experience-sampling-linebot,EMA App,TRUE,TRUE,TRUE,TRUE,FALSE,TRUE,FALSE,FALSE,TRUE,FALSE,FALSE,TRUE,FALSE,FALSE,FALSE,FALSE,FALSE,FALSE,FALSE,PC,"Linux, MacOS, Windows",FALSE,TRUE,FALSE,"LINE chat bot that asks pre-defined and hard-coded questions 3 times a day, and stores the data, chatting done in chatting app (smartphone or web)"
https://github.com/SarahTheres/personality_chatbots,EMA App,TRUE,TRUE,TRUE,TRUE,FALSE,TRUE,FALSE,FALSE,TRUE,FALSE,FALSE,TRUE,FALSE,FALSE,FALSE,FALSE,FALSE,FALSE,FALSE,PC,"Linux, MacOS, Windows",FALSE,TRUE,TRUE,"chatbot with different personalities + code for analysis of the results, chatting done in chatting app (smartphone or web)"
https://github.com/timestudydocumentation/timestudydocumentation.github.io,Unrelated,FALSE,FALSE,FALSE,FALSE,FALSE,FALSE,FALSE,FALSE,FALSE,FALSE,FALSE,FALSE,FALSE,FALSE,FALSE,FALSE,FALSE,FALSE,FALSE,,,FALSE,FALSE,TRUE,"documentation for dataset of the TIME study, EMA gathering code is not public but the app is downloadable on the play store for authorized study participants via link => skip"
https://github.com/LOEWE-emergenCITY/SmartHomeWarningTaxonomy,Unrelated,FALSE,TRUE,TRUE,TRUE,FALSE,TRUE,FALSE,FALSE,FALSE,FALSE,FALSE,TRUE,FALSE,FALSE,FALSE,FALSE,FALSE,FALSE,FALSE,RPi,Linux,FALSE,TRUE,FALSE,predictive home warning system that has an ESM questionnaire after an alarm is triggered => time frame is too far apart to be counted as EMA even though repeated collection of momentary data actually does happen
https://github.com/Perumallpardhiv/Fitness_Trinetra_Flutter,Unrelated,FALSE,TRUE,FALSE,TRUE,TRUE,FALSE,FALSE,FALSE,TRUE,FALSE,FALSE,FALSE,FALSE,FALSE,TRUE,FALSE,TRUE,FALSE,FALSE,,"Android, iOS",FALSE,FALSE,FALSE,fitness app that only tracks heart rate and uses the camera to give feedback on training units the user selects => not about subject data
https://github.com/Raze97/Telegram-Survey-Bot,EMA Tool,FALSE,FALSE,TRUE,TRUE,FALSE,TRUE,FALSE,FALSE,TRUE,FALSE,FALSE,FALSE,FALSE,FALSE,FALSE,FALSE,FALSE,FALSE,FALSE,PC,Any,FALSE,TRUE,FALSE,survey link distributor via Telegram messages
https://github.com/reml-lab/rl_jitai_simulation,Unrelated,FALSE,FALSE,FALSE,FALSE,FALSE,FALSE,FALSE,FALSE,FALSE,FALSE,FALSE,FALSE,FALSE,FALSE,FALSE,FALSE,FALSE,FALSE,FALSE,,,FALSE,FALSE,TRUE,"python code for methods of a paper, does use EMA data but doesn't collect it"
https://github.com/BIDMCDigitalPsychiatry/LAMP-college-study,EMA App,TRUE,TRUE,TRUE,TRUE,FALSE,TRUE,FALSE,FALSE,TRUE,FALSE,FALSE,TRUE,FALSE,FALSE,FALSE,FALSE,FALSE,FALSE,TRUE,,Any,TRUE,FALSE,FALSE,part of LAMP: study example
https://github.com/mDOT-Center/pJITAI-python,EMA Tool,TRUE,TRUE,FALSE,FALSE,FALSE,FALSE,FALSE,FALSE,FALSE,FALSE,FALSE,FALSE,FALSE,FALSE,FALSE,FALSE,FALSE,FALSE,FALSE,PC,Any,FALSE,FALSE,FALSE,JITAI toolkit using the mDOT pJITAI API
https://github.com/samherring99/JITAIHealth,Unrelated,FALSE,TRUE,TRUE,TRUE,FALSE,FALSE,TRUE,FALSE,TRUE,FALSE,FALSE,FALSE,FALSE,FALSE,TRUE,FALSE,TRUE,TRUE,FALSE,,"iOS, Watch OS",TRUE,FALSE,FALSE,"not about subject data, gives interventions based on cardiavascular measurements from the watch"
https://github.com/elidlocke/pulse-react-native-app,EMA App,FALSE,FALSE,TRUE,TRUE,FALSE,FALSE,TRUE,FALSE,TRUE,FALSE,FALSE,FALSE,FALSE,FALSE,TRUE,FALSE,TRUE,FALSE,FALSE,,iOS,TRUE,FALSE,FALSE,sends notifications based on inferences on patient activity from FitBit data (PA and heart rate) => is passive EMA about behaviour but notifications are sent to the family of the one providing the data
https://github.com/ankithapai/FitForecast,EMA App,TRUE,TRUE,TRUE,TRUE,TRUE,FALSE,TRUE,FALSE,TRUE,TRUE,FALSE,FALSE,FALSE,FALSE,FALSE,FALSE,TRUE,FALSE,FALSE,,Android,TRUE,FALSE,FALSE,"similar to above, uses heart rate + dietary habits to give interventions"
https://github.com/arafathali122333/ChatBot,Unrelated,FALSE,TRUE,FALSE,TRUE,FALSE,FALSE,FALSE,TRUE,FALSE,FALSE,FALSE,FALSE,FALSE,FALSE,FALSE,FALSE,FALSE,FALSE,TRUE,,Any,FALSE,FALSE,FALSE,chatbot that tries to arrange meetings of depressed people with health care experts
https://github.com/AlexanderBendeck/neurofit-study,Unrelated,FALSE,FALSE,FALSE,FALSE,FALSE,FALSE,FALSE,FALSE,FALSE,FALSE,FALSE,FALSE,FALSE,FALSE,FALSE,FALSE,FALSE,FALSE,FALSE,,,FALSE,FALSE,FALSE,"study about using neurosciency in interventions, python code for MRI data analysis for a study"
https://github.com/Shuangquan-Fu/health_project,Unrelated,FALSE,FALSE,FALSE,FALSE,FALSE,FALSE,FALSE,FALSE,FALSE,FALSE,FALSE,FALSE,FALSE,FALSE,FALSE,FALSE,FALSE,FALSE,FALSE,,,FALSE,FALSE,FALSE,"general health management system for practitioners, not about subject data"
https://github.com/tingsyo/bit-mobile-concussion,EMA App,TRUE,TRUE,TRUE,TRUE,TRUE,TRUE,FALSE,FALSE,TRUE,TRUE,FALSE,FALSE,FALSE,FALSE,FALSE,FALSE,TRUE,FALSE,FALSE,,"Android, iOS",TRUE,FALSE,FALSE,"there is a paper inside the repository that explains the code, but the paper cannot be found publically elsewhere and seems more as if it was a course project report"
https://github.com/TaxiKab119/noANTs,EMA App,TRUE,TRUE,TRUE,TRUE,TRUE,FALSE,FALSE,FALSE,TRUE,TRUE,FALSE,FALSE,FALSE,FALSE,FALSE,FALSE,TRUE,FALSE,FALSE,,Android,FALSE,FALSE,FALSE,won Google Student Developer Club Challenge at DeltaHacks
https://github.com/i-dair-tech/eprom,Unrelated,FALSE,FALSE,FALSE,FALSE,FALSE,FALSE,FALSE,FALSE,FALSE,FALSE,FALSE,FALSE,FALSE,FALSE,FALSE,FALSE,FALSE,FALSE,FALSE,,,FALSE,FALSE,FALSE,data storage app
https://github.com/BrandonNoad/started,Unrelated,TRUE,FALSE,FALSE,FALSE,FALSE,FALSE,FALSE,FALSE,FALSE,FALSE,FALSE,FALSE,FALSE,FALSE,FALSE,FALSE,FALSE,FALSE,FALSE,,,FALSE,FALSE,FALSE,"FRONTIERS framework, a tool to promote transparency in dysphagia study design for researchers only"
https://github.com/cph-cachet/carp.sensing-flutter,EMA Framework,TRUE,TRUE,TRUE,TRUE,FALSE,FALSE,FALSE,TRUE,FALSE,FALSE,FALSE,FALSE,TRUE,FALSE,TRUE,FALSE,TRUE,TRUE,FALSE,,"Android, iOS",FALSE,FALSE,FALSE,part of CARP: sensing package with many optional modules
https://github.com/predictive-technology-laboratory/sensus,EMA Framework,TRUE,TRUE,TRUE,TRUE,FALSE,TRUE,FALSE,FALSE,TRUE,FALSE,FALSE,TRUE,FALSE,FALSE,TRUE,FALSE,TRUE,FALSE,FALSE,,"Android, iOS",TRUE,FALSE,TRUE,sensing framework that can trigger questionnaires based on sensor data or schedule them
https://github.com/SensingKit/SensingKit-Android,EMA Tool,FALSE,FALSE,TRUE,TRUE,FALSE,FALSE,TRUE,FALSE,FALSE,FALSE,FALSE,FALSE,FALSE,FALSE,TRUE,FALSE,TRUE,FALSE,FALSE,,Android,FALSE,FALSE,FALSE,
https://github.com/SensingKit/SensingKit-iOS,EMA Tool,FALSE,FALSE,TRUE,TRUE,FALSE,FALSE,TRUE,FALSE,FALSE,FALSE,FALSE,FALSE,FALSE,FALSE,TRUE,FALSE,TRUE,FALSE,FALSE,,iOS,FALSE,FALSE,FALSE,
https://github.com/funf-org/funf-core-android,EMA Framework,FALSE,FALSE,TRUE,TRUE,FALSE,FALSE,FALSE,TRUE,TRUE,FALSE,FALSE,TRUE,FALSE,FALSE,TRUE,FALSE,TRUE,FALSE,FALSE,,Android,TRUE,FALSE,TRUE,"framework to gather ""probes"" i.e. sensor data or custom module data (surveys)"
https://github.com/Rezar/Ubiqlog,EMA App,TRUE,TRUE,TRUE,TRUE,FALSE,TRUE,TRUE,FALSE,TRUE,FALSE,FALSE,FALSE,FALSE,FALSE,TRUE,TRUE,TRUE,FALSE,FALSE,,Android,FALSE,FALSE,FALSE,tool that logs phone activity from the user using sensors => subject data as also SMS and phone usage are logged which could almost be seen as diary
https://github.com/lerota/SleepCycleAnalysis-AndroidApp,Unrelated,TRUE,TRUE,TRUE,TRUE,FALSE,FALSE,TRUE,FALSE,TRUE,FALSE,FALSE,FALSE,FALSE,FALSE,TRUE,FALSE,TRUE,FALSE,FALSE,,Android,TRUE,FALSE,FALSE,not about subject data
https://github.com/TheArijitSaha/Haven,Unrelated,TRUE,TRUE,TRUE,TRUE,FALSE,FALSE,FALSE,TRUE,TRUE,FALSE,FALSE,FALSE,FALSE,FALSE,TRUE,FALSE,TRUE,FALSE,FALSE,,"Android, iOS",FALSE,FALSE,FALSE,"allows for users to give ratings to locations, not about subject data"
https://github.com/yyenigun/mobile-sensing-web,Unrelated,FALSE,TRUE,FALSE,FALSE,FALSE,FALSE,FALSE,TRUE,FALSE,FALSE,FALSE,FALSE,FALSE,FALSE,FALSE,FALSE,FALSE,FALSE,TRUE,,Any,FALSE,FALSE,FALSE,monitoring website only
https://github.com/alainrk/crowdroidsense,Unrelated,TRUE,TRUE,TRUE,TRUE,FALSE,FALSE,TRUE,FALSE,FALSE,FALSE,FALSE,FALSE,FALSE,FALSE,TRUE,FALSE,TRUE,FALSE,FALSE,,Android,FALSE,FALSE,TRUE,"mobile sensing system for a master's thesis, not about subject data"
https://github.com/alainrk/sensquare-server,Unrelated,FALSE,FALSE,FALSE,FALSE,FALSE,FALSE,FALSE,FALSE,FALSE,FALSE,FALSE,FALSE,FALSE,FALSE,FALSE,FALSE,FALSE,FALSE,FALSE,,,FALSE,FALSE,FALSE,part of Crowddroidsense: server
https://github.com/SensingKit/CrowdSense-iOS,Unrelated,TRUE,TRUE,TRUE,TRUE,FALSE,FALSE,TRUE,FALSE,FALSE,FALSE,FALSE,FALSE,FALSE,FALSE,TRUE,FALSE,TRUE,FALSE,FALSE,,iOS,FALSE,FALSE,TRUE,sensing framework for iOS
https://github.com/qucse/mcs,Unrelated,TRUE,TRUE,TRUE,TRUE,FALSE,FALSE,TRUE,FALSE,TRUE,FALSE,FALSE,FALSE,FALSE,FALSE,TRUE,FALSE,TRUE,FALSE,FALSE,,"Android, iOS",FALSE,FALSE,FALSE,not about subject data
https://github.com/participactunibo/MoST,EMA Tool,FALSE,FALSE,TRUE,TRUE,FALSE,FALSE,FALSE,FALSE,FALSE,FALSE,FALSE,FALSE,FALSE,FALSE,TRUE,FALSE,TRUE,FALSE,FALSE,,Android,FALSE,FALSE,TRUE,library for mobile sensing
https://github.com/GarvitaBajaj/Mew,EMA Tool,TRUE,TRUE,TRUE,TRUE,FALSE,FALSE,TRUE,FALSE,TRUE,FALSE,FALSE,FALSE,FALSE,FALSE,TRUE,FALSE,TRUE,FALSE,FALSE,,Android,FALSE,FALSE,FALSE,"server and app for Mobile Crowdsensing, but requires additional codes to be implemented inside the app before building => sensing framework that needs manual implementation of EMA modules"
https://github.com/Sean2108/Mobile-Crowdsensing,Unrelated,TRUE,TRUE,TRUE,TRUE,FALSE,FALSE,FALSE,FALSE,FALSE,FALSE,FALSE,FALSE,FALSE,FALSE,TRUE,FALSE,FALSE,FALSE,TRUE,,Any,FALSE,FALSE,FALSE,"proof-of-concept app for a frontend that uses crowdsensing, not about subject data"
https://github.com/cph-cachet/carp_studies_app,EMA Framework,TRUE,TRUE,TRUE,TRUE,FALSE,FALSE,FALSE,TRUE,FALSE,FALSE,FALSE,TRUE,FALSE,FALSE,TRUE,FALSE,TRUE,TRUE,FALSE,,"Android, iOS",TRUE,FALSE,FALSE,part of CARP: generic app that uses CARP sensing to allow custom surveys
https://github.com/berethu/mobile-crowdsensing-oram,Unrelated,FALSE,TRUE,FALSE,FALSE,FALSE,FALSE,FALSE,FALSE,FALSE,FALSE,FALSE,FALSE,FALSE,FALSE,FALSE,FALSE,TRUE,FALSE,FALSE,,iOS,FALSE,FALSE,FALSE,"readme says to refer to description for more info, and description has no information Oo, code does not look like it has any EMA functionality => skip"
https://github.com/niclabs/adkintun-mobile-middleware,EMA Tool,FALSE,FALSE,TRUE,TRUE,FALSE,FALSE,TRUE,FALSE,TRUE,FALSE,FALSE,FALSE,FALSE,FALSE,TRUE,FALSE,TRUE,FALSE,FALSE,,Android,FALSE,FALSE,TRUE,sensing tool
https://github.com/kode-git/crowdsensing,Unrelated,TRUE,TRUE,TRUE,TRUE,FALSE,FALSE,FALSE,FALSE,FALSE,FALSE,FALSE,FALSE,FALSE,FALSE,TRUE,FALSE,TRUE,FALSE,FALSE,,,FALSE,FALSE,FALSE,"Italian README, got through filter"
https://github.com/crowdosNWPU/CrowdOS,EMA Tool,TRUE,FALSE,TRUE,TRUE,FALSE,FALSE,TRUE,FALSE,FALSE,FALSE,FALSE,FALSE,FALSE,FALSE,TRUE,FALSE,TRUE,FALSE,FALSE,,Android,FALSE,FALSE,TRUE,"middle-layer OS for a unified crowdsensing experience, README diagrams in Chinese, but paper has more information"
https://github.com/cph-cachet/cognition_package,EMA Framework,FALSE,FALSE,TRUE,TRUE,FALSE,FALSE,FALSE,TRUE,FALSE,FALSE,FALSE,FALSE,FALSE,FALSE,FALSE,FALSE,TRUE,TRUE,FALSE,,"Android, iOS",FALSE,FALSE,FALSE,part of CARP: cognitive test task builder for the app
https://github.com/sensetogether/ContextSense,Unrelated,TRUE,FALSE,TRUE,TRUE,FALSE,FALSE,TRUE,FALSE,TRUE,FALSE,FALSE,FALSE,FALSE,FALSE,TRUE,FALSE,TRUE,FALSE,FALSE,,Android,FALSE,FALSE,TRUE,not about subject data
https://github.com/LLZhao0012/CrowdKit,Unrelated,TRUE,TRUE,TRUE,TRUE,FALSE,FALSE,FALSE,TRUE,FALSE,FALSE,FALSE,FALSE,FALSE,FALSE,TRUE,FALSE,TRUE,FALSE,FALSE,,Android,FALSE,FALSE,FALSE,"sensing framework that allows to manually select tasks for the app, no clear plugin option for new EMA functionality"
https://github.com/jpenaab/tp,Unrelated,TRUE,TRUE,TRUE,TRUE,FALSE,FALSE,TRUE,FALSE,TRUE,FALSE,FALSE,FALSE,FALSE,FALSE,TRUE,FALSE,TRUE,FALSE,FALSE,,Android,FALSE,FALSE,TRUE,"crowdsensing app to report beach conditions, authors say this can be generalized to MC platform but code is not updated"
https://github.com/nc3tq/sensus-1,Unrelated,FALSE,FALSE,FALSE,FALSE,FALSE,FALSE,FALSE,FALSE,FALSE,FALSE,FALSE,FALSE,FALSE,FALSE,FALSE,FALSE,FALSE,FALSE,FALSE,,,FALSE,FALSE,FALSE,"direct fork from sensus, changes are not made appearant, skip"
https://github.com/parsatempleowl-parsatempleuniversity/AccelerometerSensor,Unrelated,FALSE,FALSE,TRUE,TRUE,TRUE,FALSE,FALSE,FALSE,FALSE,FALSE,FALSE,FALSE,FALSE,FALSE,TRUE,FALSE,TRUE,FALSE,FALSE,,Android,FALSE,FALSE,FALSE,"uses sensors to control incoming calls, not about subject data"
https://github.com/Triads-Developer/AWARE_TRIADS,EMA App,FALSE,TRUE,TRUE,TRUE,TRUE,TRUE,FALSE,FALSE,TRUE,FALSE,FALSE,TRUE,FALSE,FALSE,TRUE,FALSE,TRUE,FALSE,FALSE,,iOS,TRUE,FALSE,FALSE,study using the AWARE framework
https://github.com/IlionaIlly/Sensoroid,EMA Tool,FALSE,TRUE,FALSE,FALSE,FALSE,FALSE,FALSE,FALSE,FALSE,FALSE,FALSE,FALSE,FALSE,FALSE,TRUE,FALSE,TRUE,FALSE,FALSE,,Android,FALSE,FALSE,FALSE,framework app to allow sensing on Android
https://github.com/losdwind/beliski-ios,Unrelated,FALSE,TRUE,FALSE,FALSE,FALSE,FALSE,FALSE,TRUE,TRUE,TRUE,FALSE,FALSE,FALSE,FALSE,TRUE,FALSE,TRUE,FALSE,FALSE,,iOS,FALSE,FALSE,FALSE,"simple note-taking app, nothing is done with the data except pushed to a custom server, idea: use for behaviour research, but no instructions for data collection"
https://github.com/cph-cachet/pulmonary_monitor_app,EMA App,FALSE,FALSE,TRUE,TRUE,TRUE,TRUE,FALSE,FALSE,TRUE,FALSE,FALSE,TRUE,TRUE,FALSE,TRUE,FALSE,TRUE,FALSE,FALSE,,"Android, iOS",TRUE,FALSE,FALSE,part of CARP: example EMA app using CARP sensing
https://github.com/cquintella/CityTracks,EMA App,TRUE,TRUE,TRUE,TRUE,FALSE,FALSE,TRUE,FALSE,TRUE,FALSE,FALSE,FALSE,FALSE,FALSE,TRUE,FALSE,TRUE,FALSE,FALSE,,Android,FALSE,FALSE,TRUE,"uses geolocation to collect movement behaviour of subjects as trajectories over time, passive EMA about subject data"